time_ist,active,rejected,upgrade_errors,loadgen_disconnects,echo_p99_s,msgs_recv_per_s
13:10:20,1000008,0.0,0.0,0.0,0.4,26385.377
13:11:27,1000008,0.0,0.0,33.0,0.394,33331.304
13:12:32,1000008,0.0,0.0,44.0,0.396,33349.782
13:13:36,1000008,0.0,0.0,44.0,0.395,33331.438
13:14:40,1000008,0.0,0.0,44.0,0.394,33332.409
13:15:45,1000008,0.0,0.0,44.0,0.394,33332.06
13:16:51,1000008,0.0,0.0,44.0,0.394,33315.888
13:17:55,1000008,0.0,0.0,44.0,0.394,33335.4
13:19:00,1000008,0.0,0.0,44.0,0.395,33328.502
13:20:03,1000008,0.0,0.0,44.0,0.394,33338.982
13:21:07,1000008,0.0,0.0,44.0,0.395,33330.287
13:22:12,1000008,0.0,0.0,44.0,0.394,33324.027
13:23:17,1000008,0.0,0.0,44.0,0.395,33342.684
13:24:21,1000008,0.0,0.0,44.0,0.395,33335.936
13:25:25,1000008,0.0,0.0,44.0,0.395,33321.382
13:26:28,1000008,0.0,0.0,44.0,0.395,33319.545
13:27:32,1000008,,0.0,44.0,0.395,33329.909
13:28:44,1000008,0.0,0.0,44.0,0.394,33326.872
13:29:49,1000008,0.0,0.0,44.0,0.395,33332.218
13:30:55,1000008,0.0,0.0,44.0,0.396,33318.806
13:32:01,1000008,0.0,0.0,44.0,0.395,33339.172
13:33:05,1000008,0.0,0.0,44.0,0.395,33340.904
13:34:08,1000008,0.0,0.0,44.0,0.395,33321.851
13:35:13,1000008,0.0,0.0,44.0,0.393,33330.273
13:36:17,1000008,0.0,0.0,44.0,0.395,33332.633
13:37:21,1000008,0.0,0.0,44.0,0.394,33340.676
13:38:25,1000008,0.0,0.0,44.0,0.394,33323.448
13:39:31,1000008,0.0,0.0,44.0,0.393,33336.187
13:40:36,1000008,0.0,0.0,44.0,0.394,33332.264
13:41:40,1000008,0.0,0.0,44.0,0.394,33343.249
13:42:46,1000008,0.0,0.0,44.0,0.393,33332.849
13:43:52,1000008,0.0,0.0,44.0,0.393,33336.547
13:44:55,1000008,0.0,0.0,44.0,0.395,33345.233
13:46:00,1000008,0.0,0.0,44.0,0.395,33347.426
13:47:05,1000008,0.0,0.0,44.0,0.395,33331.433
13:48:11,1000008,0.0,0.0,44.0,0.394,33329.632
13:49:15,1000008,0.0,0.0,44.0,0.395,33339.698
13:50:19,1000008,0.0,0.0,44.0,0.394,33333.612
13:51:24,1000008,0.0,0.0,44.0,0.395,33334.493
13:52:27,1000008,0.0,0.0,44.0,0.396,33329.067
13:53:32,1000008,0.0,0.0,44.0,0.395,33338.128
13:54:35,1000008,0.0,0.0,44.0,0.395,33331.016
13:55:41,1000008,0.0,0.0,44.0,0.396,33339.292
13:56:44,1000008,0.0,0.0,44.0,0.395,33330.887
13:57:49,1000008,0.0,0.0,44.0,0.395,33332.779
13:58:52,1000008,0.0,0.0,44.0,0.395,33328.188
13:59:56,1000008,0.0,0.0,44.0,0.395,33335.691
14:01:01,1000008,0.0,0.0,44.0,0.396,33334.366
14:02:06,1000008,0.0,0.0,44.0,0.396,33327.699
14:03:11,1000008,0.0,0.0,44.0,0.394,33333.782
14:04:16,1000008,0.0,0.0,44.0,0.395,33330.56
14:05:21,1000008,0.0,0.0,44.0,0.396,33324.525
14:06:25,1000008,0.0,0.0,44.0,0.395,33319.578
14:07:28,1000008,0.0,0.0,44.0,0.396,33321.31
14:08:33,1000008,0.0,0.0,44.0,0.395,33337.564
14:09:36,1000008,0.0,0.0,44.0,0.395,33333.236
14:10:40,1000008,0.0,0.0,44.0,0.395,33335.745
14:11:43,1000008,0.0,0.0,44.0,0.396,33354.269
14:12:48,1000008,0.0,0.0,44.0,0.396,33323.658
14:13:54,1000008,0.0,0.0,44.0,0.394,33339.667
14:15:01,1000008,0.0,0.0,44.0,0.397,33340.665
14:16:05,1000008,0.0,0.0,44.0,0.395,33333.255
14:17:08,1000008,0.0,0.0,44.0,0.395,33334.854
14:18:13,1000008,0.0,0.0,44.0,0.395,33325.422
14:19:18,1000008,0.0,0.0,44.0,0.396,33339.039
14:20:25,1000008,0.0,0.0,44.0,0.396,33323.484
14:21:30,1000008,0.0,0.0,44.0,0.396,33327.61
14:22:34,1000008,0.0,0.0,44.0,0.396,33368.393
14:23:38,1000008,0.0,0.0,44.0,0.395,33344.709
14:24:43,1000008,0.0,0.0,44.0,0.396,33351.718
