t,state,server_conns,loadgen_conns,loadgen_target,cg_memory,cg_anon,cg_sock,cg_kernel,cg_file,cg_peak,oom_kills,cpu_pct,pids,process_rss,go_heap_inuse,go_stack_inuse,goroutines,open_fds,dial_errors_15s,echo_rate,echo_p50_ms,echo_p99_ms,conntrack
1790597692.2,running false 0,2300.0,,,23257088,11333632,0,10092544,0,23261184,0,13.0,11,18350080.0,21192704.0,851968.0,16.0,2315.0,,,,,622
1790597694.3,running false 0,4404.0,,,33742848,13606912,16384,18616320,0,34549760,0,13.1,11,20840448.0,21151744.0,1081344.0,17.0,4420.0,,,,,629
1790597696.4,running false 0,6510.0,,,46759936,18587648,4096,27140096,0,47681536,0,12.9,11,25690112.0,26730496.0,1081344.0,16.0,6525.0,,,,,637
1790597698.5,running false 0,8596.0,,,59432960,21684224,0,35651584,0,59437056,0,13.5,11,28704768.0,24920064.0,1048576.0,16.0,8615.0,,,,,644
1790597700.6,running false 0,10700.0,,,68055040,22179840,0,44134400,0,68325376,0,13.2,11,29360128.0,29466624.0,1081344.0,26.0,10715.0,,,,,652
1790597702.7,running false 0,12815.0,5705.0,60000.0,82993152,28307456,0,52711424,0,82997248,0,14.6,11,35389440.0,28721152.0,1048576.0,15.0,12830.0,,,,,659
1790597704.8,running false 0,14920.0,12268.0,120000.0,92266496,28819456,0,61214720,0,92270592,0,13.3,11,36175872.0,32292864.0,1048576.0,15.0,14935.0,,,,,665
1790597706.9,running false 0,17020.0,14768.0,120000.0,101392384,29487104,0,69857280,0,101392384,0,13.7,12,36569088.0,36806656.0,1114112.0,15.0,17035.0,,62.12052,0.9981308411214954,16.303999999999995,676
1790597709.0,running false 0,19120.0,17270.0,120000.0,115646464,35258368,12288,78356480,0,115654656,0,14.1,12,42598400.0,42377216.0,1114112.0,15.0,19135.0,,153.08844,0.9943197738331127,12.357815130440475,682
1790597711.2,running false 0,21235.0,17270.0,120000.0,127815680,39202816,0,86917120,0,127823872,0,15.4,12,46268416.0,38248448.0,1114112.0,16.0,21250.0,,187.79327999999998,0.9942722258530886,12.344384810126591,700
1790597713.3,running false 0,23345.0,22275.0,120000.0,137015296,39624704,0,95113216,0,137191424,0,14.2,12,47054848.0,42475520.0,1212416.0,16.0,23360.0,,260.1736533333334,0.8227134209175475,10.482968120329197,714
1790597715.4,running false 0,25445.0,22275.0,120000.0,145694720,40046592,0,103923712,0,145694720,0,14.7,12,47316992.0,46645248.0,1212416.0,16.0,25460.0,,300.5408666666666,0.8227030205025898,10.48016036890845,726
1790597717.5,running false 0,27550.0,24770.0,120000.0,159531008,45678592,0,112439296,0,159633408,0,14.6,12,52822016.0,52232192.0,1212416.0,15.0,27565.0,,366.7900266666667,0.8427386017554387,10.713724179766682,734
1790597719.6,running false 0,29645.0,27270.0,120000.0,174456832,51961856,0,120913920,0,174866432,0,16.7,12,59113472.0,47636480.0,1146880.0,16.0,29660.0,,436.52655555555555,0.8596570302436884,10.802151447569585,741
1790597721.7,running false 0,31745.0,29775.0,120000.0,183148544,52789248,0,129392640,0,184307712,0,15.1,12,60162048.0,52084736.0,1245184.0,16.0,31762.0,,514.1728133333334,0.9884409398087778,11.26118713220162,746
1790597723.8,running false 0,33855.0,32275.0,120000.0,192479232,52883456,0,138186752,0,192487424,0,15.5,12,60162048.0,55418880.0,1245184.0,16.0,33870.0,,595.8719199999999,1.0421355667852772,11.080288108647348,750
1790597725.9,running false 0,35950.0,32275.0,120000.0,202035200,53710848,4096,146669568,0,202215424,0,15.4,12,61079552.0,59858944.0,1245184.0,16.0,35965.0,,647.7863466666666,1.041979205811907,11.078180181745656,757
1790597728.0,running false 0,38047.0,37270.0,120000.0,218132480,60698624,0,155144192,0,218132480,0,16.1,12,68026368.0,67305472.0,1245184.0,16.0,38065.0,,793.7999066666666,1.139320824122885,11.387735899909897,762
1790597730.1,running false 0,40150.0,37270.0,120000.0,232095744,66732032,0,163643392,0,232255488,0,15.9,12,74055680.0,73015296.0,1277952.0,16.0,40165.0,,826.36,1.1705060540204906,11.381655813953486,767
1790597732.2,running false 0,42245.0,39775.0,120000.0,244305920,70434816,0,172130304,0,244740096,0,18.9,12,77594624.0,63209472.0,1212416.0,15.0,42260.0,,909.6800000000001,1.2057349591317166,11.335726358148888,777
1790597734.3,running false 0,44340.0,42275.0,120000.0,252538880,70500352,0,180588544,0,252821504,0,16.1,12,77856768.0,66297856.0,1245184.0,15.0,44355.0,,992.96,1.2304849884526559,11.347773308957944,783
1790597736.4,running false 0,46445.0,42275.0,120000.0,261267456,70553600,8192,189075456,0,261443584,0,16.1,12,77856768.0,69419008.0,1245184.0,16.0,46460.0,,992.96,1.2304849884526559,11.347773308957944,788
1790597738.5,running false 0,48545.0,47271.0,120000.0,270708736,71573504,4096,197570560,0,270999552,0,16.5,12,78643200.0,74702848.0,1277952.0,17.0,48560.0,,1159.68,1.3319648093841645,11.656754158964878,793
1790597740.6,running false 0,50640.0,47271.0,120000.0,281927680,74285056,0,206045184,0,282095616,0,16.6,12,81395712.0,79872000.0,1310720.0,16.0,50655.0,,1159.68,1.3319648093841643,11.656754158964878,800
1790597742.7,running false 0,52740.0,49773.0,120000.0,297062400,80588800,0,214540288,0,297361408,0,17.2,12,87818240.0,86016000.0,1343488.0,16.0,52760.0,,1243.0,1.3775520399666945,11.694496942745966,805
1790597744.8,running false 0,54840.0,52273.0,120000.0,311857152,86937600,0,223047680,0,311857152,0,17.3,12,94240768.0,92160000.0,1343488.0,16.0,54856.0,,1326.3600000000001,1.4043908610552953,11.628821192052982,769
1790597746.9,running false 0,56950.0,54773.0,120000.0,326041600,93499392,0,231567360,0,326316032,0,20.6,12,100663296.0,80306176.0,1310720.0,16.0,56965.0,,1409.68,1.4114394144754676,11.542760312151614,736
1790597749.0,running false 0,59055.0,57273.0,120000.0,335794176,94027776,0,240074752,0,336248832,0,17.5,12,101187584.0,84377600.0,1310720.0,15.0,59070.0,,1492.96,1.4347547572693589,11.510881813275773,713
1790597751.1,running false 0,61160.0,57273.0,120000.0,345219072,94674944,0,248573952,0,345219072,0,17.5,12,101842944.0,88326144.0,1343488.0,16.0,61175.0,,1492.96,1.4347547572693589,11.510881813275773,691
1790597753.2,running false 0,63254.0,62275.0,120000.0,354209792,95297536,0,257044480,0,354476032,0,18.1,12,102498304.0,92520448.0,1507328.0,17.0,63270.0,,1659.68,1.4605161998901706,11.698137759336097,701
1790597755.3,running false 0,65345.0,62275.0,120000.0,362483712,95498240,0,265486336,0,363368448,0,18.8,12,102891520.0,96157696.0,1507328.0,16.0,65360.0,,1659.68,1.4605161998901706,11.698137759336097,733
1790597757.4,running false 0,67474.0,64770.0,120000.0,372924416,96792576,0,274649088,0,373182464,0,20.0,12,104071168.0,101146624.0,1507328.0,15.0,67489.0,,1743.0,1.5171394151790603,11.93464624361779,709
1790597759.5,running false 0,69600.0,67270.0,120000.0,387469312,102371328,4096,283258880,0,388227072,0,20.7,12,109838336.0,106446848.0,1572864.0,15.0,69615.0,,1826.3600000000001,1.5901138138808304,11.887668001456142,688
1790597761.7,running false 0,71730.0,69770.0,120000.0,402915328,109051904,0,291880960,0,402960384,0,20.5,12,116391936.0,112943104.0,1671168.0,16.0,71745.0,,1909.68,1.6766530134581625,12.105042716319826,673
1790597763.8,running false 0,73842.0,72270.0,120000.0,418222080,115507200,0,300453888,0,418222080,0,20.9,13,122814464.0,119259136.0,1703936.0,18.0,73860.0,,1992.96,1.9685460343306875,12.300178877259754,657
1790597765.9,running false 0,75986.0,72270.0,120000.0,430891008,120520704,0,309121024,0,431894528,0,25.3,13,127795200.0,103694336.0,1605632.0,17.0,76005.0,,1992.96,1.9685460343306875,12.300178877259754,645
1790597768.1,running false 0,78132.0,77261.0,120000.0,439746560,120590336,0,317784064,0,440147968,0,21.1,13,127926272.0,106995712.0,1671168.0,16.0,78150.0,,2159.6000000000004,2.2845291854825227,12.58443689574081,636
1790597770.2,running false 0,80260.0,77261.0,120000.0,449097728,120643584,0,326393856,0,449097728,0,20.9,13,127926272.0,110125056.0,1671168.0,16.0,80275.0,,2159.6000000000004,2.2845291854825227,12.58443689574081,614
1790597772.3,running false 0,82400.0,79765.0,120000.0,457220096,120676352,8192,335020032,0,457961472,0,21.7,13,127926272.0,113737728.0,1703936.0,16.0,82415.0,,2242.88,2.428725612287256,12.76069827204252,610
1790597774.5,running false 0,84527.0,82265.0,120000.0,466169856,120807424,0,343568384,0,466436096,0,21.5,13,127926272.0,117063680.0,1703936.0,16.0,84545.0,,2326.24,2.604521053927604,12.746373502466515,609
1790597776.6,running false 0,86670.0,84758.0,120000.0,474796032,120999936,8192,352301056,0,475213824,0,21.6,13,128188416.0,121700352.0,1703936.0,16.0,86685.0,,2409.5200000000004,2.679299391959343,12.7274940218333,601
1790597778.8,running false 0,88825.0,87253.0,120000.0,486244352,123662336,16384,360964096,0,486289408,0,22.5,13,131072000.0,126615552.0,1703936.0,16.0,88840.0,,2492.8,2.819739988695161,12.998167456555997,596
1790597780.9,running false 0,90985.0,87253.0,120000.0,500944896,129900544,0,369737728,0,501604352,0,22.6,13,137363456.0,132767744.0,1703936.0,16.0,91005.0,,2492.8,2.819739988695161,12.998167456555997,599
1790597783.1,running false 0,93137.0,92255.0,120000.0,517545984,137142272,0,378437632,0,517545984,0,22.1,13,144310272.0,139657216.0,2031616.0,16.0,93154.0,,2659.3600000000006,3.0109553060792202,16.488259403372172,587
1790597785.2,running false 0,95290.0,92255.0,120000.0,534106112,145522688,0,387149824,0,534642688,0,22.6,13,152829952.0,148488192.0,2031616.0,15.0,95305.0,,2659.36,3.0109553060792202,16.488259403372172,554
1790597787.4,running false 0,97450.0,94750.0,120000.0,550653952,152600576,0,395890688,0,550653952,0,22.5,13,159776768.0,155238400.0,2031616.0,16.0,97465.0,,2742.6000000000004,3.191663784157731,16.53094527363196,536
1790597789.5,running false 0,99598.0,97249.0,120000.0,562868224,156868608,0,404582400,0,563957760,0,29.6,13,164102144.0,131760128.0,1900544.0,17.0,99614.0,,2825.92,3.2376930349826663,17.72693333333338,523
1790597791.7,running false 0,101750.0,99752.0,120000.0,572088320,156930048,0,413261824,0,572346368,0,24.0,13,164102144.0,135012352.0,1933312.0,16.0,101765.0,,2909.2,3.4225284601557813,17.29358811040323,515
1790597793.9,running false 0,103925.0,102251.0,120000.0,580317184,156987392,4096,422076416,0,580874240,0,23.3,13,164233216.0,138444800.0,1933312.0,16.0,103940.0,,2992.48,3.596840620592384,18.690404782237326,514
1790597796.0,running false 0,106090.0,102251.0,120000.0,589430784,157044736,8192,430800896,0,590229504,0,24.0,13,164233216.0,141508608.0,1933312.0,16.0,106105.0,,2992.48,3.596840620592384,18.690404782237326,512
1790597798.2,running false 0,108245.0,107249.0,120000.0,597860352,157110272,0,439496704,0,598265856,0,23.3,13,164233216.0,145129472.0,2260992.0,16.0,108260.0,,3159.08,3.8525289611951634,19.13272049689441,506
1790597800.3,running false 0,110400.0,107249.0,120000.0,607916032,157184000,0,448241664,0,607924224,0,24.5,13,164364288.0,148652032.0,2260992.0,16.0,110415.0,,3159.08,3.8525289611951634,19.13272049689441,509
1790597802.5,running false 0,112555.0,109745.0,120000.0,616284160,157401088,0,456863744,0,616554496,0,24.5,13,164888576.0,153886720.0,2260992.0,16.0,112570.0,,3242.36,4.0341797759594185,20.33585303123085,523
1790597804.7,running false 0,114713.0,112246.0,120000.0,626057216,158445568,0,465649664,0,626057216,0,24.8,13,165543936.0,159670272.0,2260992.0,17.0,114730.0,,3325.6800000000003,4.208657254081692,20.730232967033,535
1790597806.8,running false 0,116867.0,114743.0,120000.0,640995328,165048320,49152,474378240,0,641265664,0,24.3,13,172097536.0,166354944.0,2260992.0,162.0,116892.0,,3408.653685262948,4.326125364161717,20.21474200706594,476
1790597809.0,running false 0,119045.0,117246.0,120000.0,658407424,173576192,0,483188736,0,658890752,0,24.9,13,181010432.0,174800896.0,2260992.0,16.0,119060.0,,3491.9736852629476,4.524593327297767,20.90593612020503,483
1790597811.1,running false 0,120000.0,117246.0,120000.0,667852800,178995200,0,487059456,0,668459008,0,18.1,13,186253312.0,180396032.0,2326528.0,16.0,120015.0,,3491.9736852629476,4.524593327297767,20.90593612020503,488
1790597813.3,running false 0,120000.0,120000.0,120000.0,669302784,180887552,0,487047168,0,669790208,0,11.6,13,188350464.0,182239232.0,2326528.0,16.0,120015.0,,3654.7455703087508,4.425398410717375,21.513418700950396,489
1790597815.4,running false 0,120000.0,120000.0,120000.0,671027200,182665216,0,487043072,0,671825920,0,11.5,13,190054400.0,184041472.0,2326528.0,15.0,120015.0,,3654.7455703087508,4.425398410717375,21.513418700950396,494
1790597817.5,running false 0,120000.0,120000.0,120000.0,673349632,184582144,0,487075840,0,673542144,0,11.6,14,191758336.0,185925632.0,2359296.0,15.0,120015.0,,3725.0255703087505,4.191453074314703,21.240603813624645,502
1790597819.6,running false 0,120000.0,120000.0,120000.0,674504704,186368000,0,487079936,0,675479552,0,11.4,14,193724416.0,187555840.0,2359296.0,16.0,120015.0,,3789.92,3.865315462569468,20.710188429752105,502
1790597821.7,running false 0,120000.0,120000.0,120000.0,676798464,188293120,0,487084032,0,677298176,0,11.8,14,195690496.0,189579264.0,2392064.0,15.0,120015.0,,3843.52,3.580838978159837,20.35287372013652,508
1790597823.8,running false 0,120000.0,120000.0,120000.0,677961728,189984768,0,487088128,0,678653952,0,11.9,14,197263360.0,191291392.0,2392064.0,16.0,120015.0,,3891.44,3.2321827411167514,19.887794495412848,516
1790597825.9,running false 0,120000.0,120000.0,120000.0,679981056,191758336,0,487092224,0,680734720,0,11.5,14,198967296.0,193036288.0,2392064.0,16.0,120015.0,,3891.44,3.2321827411167514,19.887794495412848,526
1790597828.0,running false 0,120000.0,120000.0,120000.0,681873408,193605632,0,487096320,0,682713088,0,12.0,14,200933376.0,194813952.0,2392064.0,16.0,120015.0,,3959.6400000000003,2.939267753912676,17.419981923821847,533
1790597830.1,running false 0,120000.0,120000.0,120000.0,684199936,195362816,0,487100416,0,684560384,0,11.8,14,202637312.0,196681728.0,2392064.0,16.0,120015.0,,3959.6400000000003,2.939267753912676,17.419981923821847,539
1790597832.2,running false 0,120000.0,120000.0,120000.0,685395968,197308416,0,487100416,0,686161920,0,11.7,14,204734464.0,198565888.0,2392064.0,16.0,120015.0,,3980.3192158431684,2.7837506006711545,15.966547696825186,545
1790597834.3,running false 0,120000.0,120000.0,120000.0,686981120,198324224,0,487108608,0,687611904,0,18.4,14,205651968.0,153427968.0,2326528.0,15.0,120015.0,,3994.919215843169,2.6647008462589916,14.248437810662486,547
1790597836.4,running false 0,120000.0,120000.0,120000.0,686489600,198385664,0,487108608,0,687976448,0,11.8,14,205651968.0,153575424.0,2326528.0,15.0,120015.0,,3994.919215843169,2.664700846258991,14.248437810662601,537
1790597838.5,running false 0,120000.0,120000.0,120000.0,687161344,198565888,0,487108608,0,688201728,0,11.6,14,205783040.0,153812992.0,2326528.0,15.0,120015.0,,4000.3200512081935,2.577207870354939,12.023705319527592,537
1790597840.6,running false 0,120000.0,120000.0,120000.0,686432256,198651904,0,487108608,0,688201728,0,11.6,14,205914112.0,153903104.0,2359296.0,16.0,120015.0,,4000.320051208193,2.5772078703549397,12.02370531952759,540
1790597842.7,running false 0,120000.0,120000.0,120000.0,687452160,198914048,0,487108608,0,688705536,0,11.7,14,206045184.0,154419200.0,2392064.0,15.0,120015.0,,4000.000102400003,2.588691147201427,12.019576590134816,542
1790597844.8,running false 0,120000.0,120000.0,120000.0,687337472,199004160,0,487108608,0,688705536,0,11.7,14,206176256.0,154492928.0,2392064.0,16.0,120015.0,,3999.680051191809,2.5917048752109464,11.994721839785095,549
1790597846.9,running false 0,120000.0,120000.0,120000.0,687468544,199065600,0,487108608,0,688705536,0,11.3,14,206307328.0,154722304.0,2392064.0,16.0,120015.0,,4000.0,2.592206945274713,12.021598503074053,560
1790597849.0,running false 0,120000.0,120000.0,120000.0,687374336,199090176,0,487108608,0,689086464,0,11.4,14,206307328.0,154853376.0,2392064.0,15.0,120015.0,,4000.0,2.574356744219758,12.03186494328674,566
1790597851.1,running false 0,120000.0,120000.0,120000.0,687718400,199102464,0,487108608,0,689086464,0,12.3,14,206307328.0,155082752.0,2424832.0,15.0,120015.0,,4000.0,2.574356744219758,12.03186494328674,569
1790597853.2,running false 0,120000.0,120000.0,120000.0,687296512,199110656,0,487108608,0,689086464,0,12.2,14,206307328.0,155623424.0,2424832.0,15.0,120015.0,,4000.0000000000005,2.553959471240237,11.906200122774717,567
1790597855.3,running false 0,120000.0,120000.0,120000.0,687505408,199118848,0,487108608,0,689086464,0,11.8,14,206307328.0,156221440.0,2424832.0,15.0,120015.0,,4000.0,2.553959471240237,11.906200122774717,565
1790597857.4,running false 0,120000.0,120000.0,120000.0,687435776,199135232,0,487108608,0,689086464,0,12.2,14,206307328.0,157720576.0,2424832.0,16.0,120015.0,,3999.7600287965442,2.555938662093966,11.931805105655002,562
1790597859.5,running false 0,120000.0,120000.0,120000.0,687820800,199139328,0,487108608,0,689086464,0,11.8,14,206307328.0,159186944.0,2424832.0,16.0,120015.0,,3999.7600287965442,2.5541558735340755,11.304546248595422,565
1790597861.6,running false 0,120000.0,120000.0,120000.0,687198208,199139328,0,487108608,0,689086464,0,11.6,14,206307328.0,160931840.0,2424832.0,16.0,120015.0,,4000.0,2.551474998256503,10.97784559047911,569
1790597863.7,running false 0,120000.0,120000.0,120000.0,687689728,199143424,0,487108608,0,689086464,0,11.7,14,206307328.0,162422784.0,2424832.0,16.0,120015.0,,4000.0,2.5503244589427903,10.779797979797985,577
1790597865.8,running false 0,120000.0,120000.0,120000.0,687140864,199159808,0,487108608,0,689086464,0,11.6,14,206307328.0,164069376.0,2424832.0,15.0,120015.0,,4000.0,2.5503244589427903,10.779797979797985,583
1790597867.9,running false 0,120000.0,120000.0,120000.0,687763456,199176192,0,487108608,0,689086464,0,11.5,14,206307328.0,165928960.0,2424832.0,16.0,120015.0,,4000.080003200128,2.528816903872586,10.819804087874438,458
1790597870.0,running false 0,120000.0,120000.0,120000.0,687607808,199184384,0,487108608,0,689086464,0,11.6,14,206307328.0,167714816.0,2424832.0,15.0,120015.0,,4000.080003200128,2.5227827403496375,10.947075317613852,462
1790597872.1,running false 0,120000.0,120000.0,120000.0,687120384,199192576,0,487108608,0,689311744,0,11.8,14,206307328.0,169598976.0,2424832.0,210.0,120015.0,,4000.0,2.513049889407717,10.891261556814792,468
