local,current_mib,anon_mib,kernel_mib,sock_mib,slab_mib,estab
11:09:03,3527,740,2784,1,2774,742059
11:09:04,3603,771,2829,1,2819,754551
11:09:05,3687,807,2878,1,2867,766952
11:09:06,3767,840,2915,9,2905,777234
11:09:07,3830,871,2953,4,2943,787129
11:09:08,3887,887,2998,0,2988,799119
11:09:09,3930,887,3041,0,3031,810571
11:09:10,3975,887,3084,2,3074,822053
11:09:11,4017,888,3128,0,3118,834014
11:09:12,4061,888,3169,1,3159,845059
11:09:13,4106,888,3216,0,3206,857406
11:09:14,4144,888,3255,0,3245,867746
11:09:15,4191,889,3301,0,3291,880146
11:09:16,4236,889,3347,0,3337,892593
11:09:17,4276,889,3385,2,3375,902588
11:09:18,4347,912,3432,1,3422,915312
11:09:19,4419,944,3472,2,3461,925915
11:09:20,4483,975,3507,0,3497,935215
11:09:21,4490,980,3508,0,3498,935477
11:09:22,4495,985,3508,1,3498,935490
11:09:23,4499,990,3508,0,3498,935490
11:09:24,4505,995,3508,1,3498,935490
11:09:25,4509,1000,3508,0,3498,935490
11:09:26,4514,1005,3508,0,3498,935490
11:09:27,4519,1010,3508,0,3498,935490
11:09:28,4526,1015,3508,1,3498,935490
11:09:29,4530,1020,3509,0,3498,935605
11:09:30,4537,1026,3510,0,3499,935893
11:09:31,4543,1030,3510,1,3499,935926
11:09:32,4546,1036,3510,0,3499,935935
11:09:33,4551,1041,3510,0,3499,935937
11:09:34,4556,1045,3510,0,3499,935937
11:09:35,4564,1053,3510,0,3499,935937
11:09:36,4565,1054,3510,0,3499,935937
11:09:37,4568,1054,3510,1,3499,935937
11:09:39,4565,1054,3510,1,3499,935940
11:09:40,4566,1054,3511,1,3500,936081
11:09:41,4569,1055,3512,1,3501,936401
11:09:42,4569,1055,3512,0,3501,936485
11:09:43,4568,1055,3512,1,3502,936498
11:09:44,4567,1055,3512,0,3502,936500
11:09:45,4567,1055,3512,0,3502,936501
11:09:46,4567,1055,3512,0,3502,936501
11:09:47,4567,1055,3512,0,3502,936501
11:09:48,4569,1055,3512,0,3502,936501
11:09:49,4570,1055,3512,1,3502,936502
11:09:50,4570,1055,3513,1,3502,936712
11:09:51,4570,1055,3514,0,3503,936982
11:09:52,4570,1055,3514,1,3504,937031
11:09:53,4575,1055,3519,1,3508,938312
11:09:54,4601,1055,3542,3,3531,944403
11:09:55,4627,1055,3572,0,3561,952392
11:09:56,4650,1055,3593,0,3582,958092
11:09:57,4665,1055,3603,6,3592,960686
11:09:58,4661,1055,3606,0,3595,961462
11:09:59,4675,1055,3618,1,3607,964779
11:10:00,4721,1055,3663,2,3652,976809
11:10:01,4763,1055,3706,0,3695,988635
11:10:02,4796,1055,3736,3,3725,996324
11:10:03,4804,1056,3748,0,3737,999520
11:10:04,4806,1056,3749,0,3739,999915
11:10:05,4806,1056,3750,0,3739,999995
11:10:06,4807,1056,3750,0,3739,999997
11:10:07,4811,1056,3750,4,3739,999997
11:10:08,4807,1056,3749,1,3739,999997
11:10:09,4808,1056,3749,1,3739,999997
11:10:10,4806,1056,3749,0,3739,999997
11:10:11,4806,1056,3749,0,3739,999997
11:10:12,4812,1056,3749,7,3739,999997
11:10:13,4806,1056,3749,0,3739,999997
11:10:14,4807,1056,3749,0,3739,999997
11:10:15,4807,1056,3749,0,3739,999997
11:10:16,4807,1057,3749,0,3739,999997
11:10:17,4808,1057,3749,0,3739,999997
