time_ist,event,region,detail,instance_ids,error
2026-09-30T10:17:40+0530,ImportKeyPair,ap-south-1,millionws-bench,,
2026-09-30T10:17:41+0530,RequestServiceQuotaIncrease,ap-south-1,8.0,,
2026-09-30T10:22:36+0530,CreateFunction20150331,ap-south-1,millionws-bench-guard,,InvalidParameterValueException
2026-09-30T10:22:37+0530,CreateFunction20150331,ap-south-1,millionws-bench-guard,,InvalidParameterValueException
2026-09-30T10:22:38+0530,CreateFunction20150331,ap-south-1,millionws-bench-guard,,InvalidParameterValueException
2026-09-30T10:22:40+0530,CreateFunction20150331,ap-south-1,millionws-bench-guard,,InvalidParameterValueException
2026-09-30T10:22:45+0530,CreateFunction20150331,ap-south-1,millionws-bench-guard,,
2026-09-30T10:22:57+0530,CreateNetworkAcl,ap-south-1,,,
2026-09-30T10:22:58+0530,RunInstances,ap-south-1,c7i-flex.large on-demand,i-08068be8eb20e89a2,
2026-09-30T10:22:58+0530,RunInstances,ap-south-1,c7i-flex.large on-demand,i-08e68bc3393a20d49,
2026-09-30T10:22:58+0530,RunInstances,ap-south-1,c7i-flex.large on-demand,i-0a979de7d810ab450,
2026-09-30T10:22:58+0530,RunInstances,ap-south-1,m7i-flex.large on-demand,i-0b0b487115fc7c6be,
2026-09-30T11:41:16+0530,DeleteFunction20150331,ap-south-1,millionws-bench-guard,,
2026-09-30T11:41:16+0530,DeleteNetworkAcl,ap-south-1,,,
2026-09-30T11:41:16+0530,TerminateInstances,ap-south-1,,i-08068be8eb20e89a2,
2026-09-30T11:41:16+0530,TerminateInstances,ap-south-1,,i-08e68bc3393a20d49,
2026-09-30T11:41:16+0530,TerminateInstances,ap-south-1,,i-0a979de7d810ab450,
2026-09-30T11:41:16+0530,TerminateInstances,ap-south-1,,i-0b0b487115fc7c6be,
