utc,local,estab,load1,cpu_pct,mem_used_mib,slab_mib,tcp_mem_pages,container_mem_mib,ena_conntrack_exceeded,ena_conntrack_available,ena_pps_exceeded,ena_bw_in_exceeded,ena_bw_out_exceeded
2026-09-30T04:54:59Z,2026-09-30T10:24:59+0530,5317,3.03,100.0,783,255,0,42,0,76957,0,0,0
2026-09-30T04:55:09Z,2026-09-30T10:25:09+0530,125365,2.86,70.7,1337,767,0,609,0,76955,0,0,0
2026-09-30T04:55:19Z,2026-09-30T10:25:19+0530,245635,2.64,44.9,1861,1279,169,1164,0,76957,0,0,0
2026-09-30T04:55:29Z,2026-09-30T10:25:29+0530,365867,2.55,46.5,2360,1793,169,1765,0,76957,0,0,0
2026-09-30T04:55:39Z,2026-09-30T10:25:39+0530,485928,2.31,49.3,2856,2305,169,2315,0,76957,0,0,0
2026-09-30T04:55:49Z,2026-09-30T10:25:49+0530,606025,2.03,54.6,3379,2812,172,2904,0,76957,0,0,0
2026-09-30T04:55:59Z,2026-09-30T10:25:59+0530,724504,2.20,60.9,3932,3317,428,3521,0,76957,0,0,0
2026-09-30T04:56:10Z,2026-09-30T10:26:10+0530,839849,2.56,69.1,4383,3807,684,4024,0,76957,0,0,0
2026-09-30T04:56:20Z,2026-09-30T10:26:20+0530,950562,2.85,70.4,4889,4277,167,4570,0,76957,0,0,0
2026-09-30T04:56:30Z,2026-09-30T10:26:30+0530,999998,2.41,36.0,5058,4486,167,4759,0,76957,0,0,0
2026-09-30T04:56:40Z,2026-09-30T10:26:40+0530,999998,2.20,24.0,5175,4486,0,4811,0,76957,0,0,0
2026-09-30T04:56:50Z,2026-09-30T10:26:50+0530,999998,2.39,21.8,5215,4488,681,4866,0,76957,0,0,0
2026-09-30T04:57:00Z,2026-09-30T10:27:00+0530,999998,2.17,20.6,5268,4486,169,4917,0,76957,0,0,0
2026-09-30T04:57:10Z,2026-09-30T10:27:10+0530,999998,2.08,30.6,5316,4487,419,4934,0,76957,0,0,0
2026-09-30T04:57:20Z,2026-09-30T10:27:20+0530,999998,1.84,17.6,5302,4487,419,4935,0,76957,0,0,0
2026-09-30T04:57:30Z,2026-09-30T10:27:30+0530,999998,1.63,18.9,5315,4486,0,4934,0,76957,0,0,0
2026-09-30T04:57:40Z,2026-09-30T10:27:40+0530,999998,1.61,21.3,5308,4486,0,4936,0,76957,0,0,0
2026-09-30T04:57:50Z,2026-09-30T10:27:50+0530,999998,1.51,18.1,5313,4496,163,4936,0,76957,0,0,0
2026-09-30T04:58:00Z,2026-09-30T10:28:00+0530,999999,1.42,17.3,5317,4486,163,4935,0,76957,0,0,0
2026-09-30T04:58:10Z,2026-09-30T10:28:10+0530,999999,1.28,23.6,5309,4486,0,4939,0,76957,0,0,0
2026-09-30T04:58:20Z,2026-09-30T10:28:20+0530,999999,1.15,18.5,5302,4488,675,4941,0,76957,0,0,0
2026-09-30T04:58:30Z,2026-09-30T10:28:30+0530,999999,1.06,18.7,5336,4486,419,4968,0,76957,0,0,0
2026-09-30T04:58:40Z,2026-09-30T10:28:40+0530,999999,1.33,21.1,5393,4486,0,5020,0,76957,0,0,0
2026-09-30T04:58:50Z,2026-09-30T10:28:50+0530,999999,1.28,25.6,5440,4487,417,5072,0,76957,0,0,0
2026-09-30T04:59:00Z,2026-09-30T10:29:00+0530,999999,1.17,20.7,5441,4487,417,5072,0,76957,0,0,0
2026-09-30T04:59:11Z,2026-09-30T10:29:11+0530,999999,1.87,25.6,5461,4486,0,5071,0,76957,0,0,0
2026-09-30T04:59:21Z,2026-09-30T10:29:21+0530,999999,1.74,18.4,5454,4486,0,5071,0,76957,0,0,0
2026-09-30T04:59:31Z,2026-09-30T10:29:31+0530,999998,1.62,17.9,5447,4486,416,5072,0,76957,0,0,0
2026-09-30T04:59:41Z,2026-09-30T10:29:41+0530,999998,1.74,20.9,5468,4486,160,5071,0,76957,0,0,0
2026-09-30T04:59:51Z,2026-09-30T10:29:51+0530,999998,1.47,17.1,5442,4486,160,5072,0,76957,0,0,0
2026-09-30T05:00:01Z,2026-09-30T10:30:01+0530,999998,1.25,18.8,5444,4487,416,5073,0,76957,0,0,0
2026-09-30T05:00:11Z,2026-09-30T10:30:11+0530,999998,1.28,21.8,5466,4486,157,5075,0,76957,0,0,0
2026-09-30T05:00:21Z,2026-09-30T10:30:21+0530,999998,1.39,21.7,5445,4486,157,5073,0,76957,0,0,0
2026-09-30T05:00:31Z,2026-09-30T10:30:31+0530,999998,1.89,18.2,5457,4486,413,5074,0,76957,0,0,0
2026-09-30T05:00:41Z,2026-09-30T10:30:41+0530,999998,1.68,30.3,5463,4486,157,5080,0,76957,0,0,0
2026-09-30T05:00:51Z,2026-09-30T10:30:51+0530,999998,1.42,17.9,5460,4488,669,5082,0,76957,0,0,0
2026-09-30T05:01:01Z,2026-09-30T10:31:01+0530,999999,1.52,22.5,5472,4487,154,5080,0,76957,0,0,0
2026-09-30T05:01:11Z,2026-09-30T10:31:11+0530,1000003,1.51,13.2,5583,4522,144286,5640,0,76957,0,0,0
2026-09-30T05:01:21Z,2026-09-30T10:31:21+0530,803752,1.51,82.2,4378,4116,481182,4895,0,76957,0,0,0
2026-09-30T05:01:32Z,2026-09-30T10:31:32+0530,38513,1.67,60.8,1246,643,158,196,0,76957,0,0,0
2026-09-30T05:01:42Z,2026-09-30T10:31:42+0530,159013,1.49,44.0,1742,1123,0,780,0,76957,0,0,0
2026-09-30T05:01:52Z,2026-09-30T10:31:52+0530,279451,1.72,46.4,2235,1595,0,1337,0,76957,0,0,0
2026-09-30T05:02:02Z,2026-09-30T10:32:02+0530,399620,2.08,49.6,2674,2070,156,1916,0,76957,0,0,0
2026-09-30T05:02:12Z,2026-09-30T10:32:12+0530,519470,1.99,55.1,3199,2550,156,2523,0,76957,0,0,0
2026-09-30T05:02:22Z,2026-09-30T10:32:22+0530,639842,1.91,56.2,3686,3029,924,3105,0,76957,0,0,0
2026-09-30T05:02:32Z,2026-09-30T10:32:32+0530,758684,1.92,62.8,4244,3499,0,3609,0,76957,0,0,0
2026-09-30T05:02:42Z,2026-09-30T10:32:42+0530,872298,2.02,69.3,4795,3971,241,4207,0,76957,0,0,0
2026-09-30T05:02:52Z,2026-09-30T10:32:52+0530,947062,2.08,43.5,5094,4285,497,4531,0,76957,0,0,0
2026-09-30T05:03:02Z,2026-09-30T10:33:02+0530,947542,1.90,19.1,5158,4287,748,4585,0,76957,0,0,0
2026-09-30T05:03:12Z,2026-09-30T10:33:12+0530,948011,1.76,26.3,5207,4288,0,4635,0,76957,0,0,0
2026-09-30T05:03:22Z,2026-09-30T10:33:22+0530,962143,1.96,36.0,5267,4346,742,4707,0,76957,0,0,0
2026-09-30T05:03:32Z,2026-09-30T10:33:32+0530,999889,1.89,32.2,5382,4497,0,4845,0,76957,0,0,0
2026-09-30T05:03:43Z,2026-09-30T10:33:43+0530,999998,1.98,24.5,5387,4497,0,4844,0,76957,0,0,0
2026-09-30T05:03:53Z,2026-09-30T10:33:53+0530,999998,1.75,21.9,5395,4497,229,4845,0,76957,0,0,0
2026-09-30T05:04:03Z,2026-09-30T10:34:03+0530,999998,1.55,19.1,5374,4497,229,4847,0,76957,0,0,0
2026-09-30T05:04:13Z,2026-09-30T10:34:13+0530,999998,1.31,21.4,5406,4497,485,4856,0,76957,0,0,0
2026-09-30T05:04:23Z,2026-09-30T10:34:23+0530,999998,1.27,20.4,5448,4497,0,4906,0,76957,0,0,0
2026-09-30T05:04:33Z,2026-09-30T10:34:33+0530,999998,1.30,26.6,5494,4498,997,4958,0,76957,0,0,0
2026-09-30T05:04:43Z,2026-09-30T10:34:43+0530,999998,1.10,21.3,5506,4497,229,4960,0,76957,0,0,0
2026-09-30T05:04:53Z,2026-09-30T10:34:53+0530,999998,0.93,19.7,5498,4497,229,4954,0,76957,0,0,0
2026-09-30T05:05:03Z,2026-09-30T10:35:03+0530,999998,0.86,19.9,5492,4497,0,4954,0,76957,0,0,0
2026-09-30T05:05:13Z,2026-09-30T10:35:13+0530,999998,0.89,21.5,5500,4497,485,4955,0,76957,0,0,0
2026-09-30T05:05:23Z,2026-09-30T10:35:23+0530,999998,0.98,21.7,5490,4497,229,4955,0,76957,0,0,0
2026-09-30T05:05:33Z,2026-09-30T10:35:33+0530,999998,0.91,19.1,5500,4497,0,4954,0,76957,0,0,0
2026-09-30T05:05:43Z,2026-09-30T10:35:43+0530,999998,0.77,21.2,5510,4497,0,4954,0,76957,0,0,0
2026-09-30T05:05:53Z,2026-09-30T10:35:53+0530,999998,0.80,17.6,5508,4497,242,4957,0,76957,0,0,0
2026-09-30T05:06:03Z,2026-09-30T10:36:03+0530,999997,0.76,18.1,5492,4497,0,4977,0,76957,0,0,0
2026-09-30T05:06:13Z,2026-09-30T10:36:13+0530,999997,0.86,19.7,5524,4497,248,5030,0,76957,0,0,0
2026-09-30T05:06:23Z,2026-09-30T10:36:23+0530,999997,1.45,26.9,5565,4497,0,5063,0,76957,0,0,0
2026-09-30T05:06:33Z,2026-09-30T10:36:33+0530,999997,1.23,17.1,5564,4497,248,5061,0,76957,0,0,0
2026-09-30T05:06:43Z,2026-09-30T10:36:43+0530,999997,1.11,18.8,5584,4497,0,5062,0,76957,0,0,0
2026-09-30T05:06:53Z,2026-09-30T10:36:53+0530,999998,1.26,14.2,5564,4498,504,5062,0,76957,0,0,0
2026-09-30T05:07:04Z,2026-09-30T10:37:04+0530,999998,1.22,15.9,5570,4497,248,5061,0,76957,0,0,0
2026-09-30T05:07:14Z,2026-09-30T10:37:14+0530,999998,1.26,16.1,5581,4497,0,5060,0,76957,0,0,0
2026-09-30T05:07:24Z,2026-09-30T10:37:24+0530,999998,1.47,17.2,5572,4497,252,5061,0,76957,0,0,0
2026-09-30T05:07:34Z,2026-09-30T10:37:34+0530,999998,1.32,15.1,5570,4497,236,5060,0,76957,0,0,0
2026-09-30T05:07:44Z,2026-09-30T10:37:44+0530,999998,1.27,17.3,5572,4497,491,5061,0,76957,0,0,0
2026-09-30T05:07:54Z,2026-09-30T10:37:54+0530,999998,1.39,15.3,5566,4499,736,5064,0,76957,0,0,0
2026-09-30T05:08:04Z,2026-09-30T10:38:04+0530,999998,1.17,15.2,5569,4497,224,5063,0,76957,0,0,0
2026-09-30T05:08:14Z,2026-09-30T10:38:14+0530,999997,1.29,26.5,5582,4497,0,5067,0,76957,0,0,0
2026-09-30T05:08:24Z,2026-09-30T10:38:24+0530,999997,1.16,18.7,5577,4499,995,5071,0,76957,0,0,0
2026-09-30T05:08:34Z,2026-09-30T10:38:34+0530,999997,1.22,15.4,5575,4499,483,5069,0,76957,0,0,0
2026-09-30T05:08:44Z,2026-09-30T10:38:44+0530,999997,1.25,16.2,5564,4497,0,5067,0,76957,0,0,0
2026-09-30T05:08:54Z,2026-09-30T10:38:54+0530,999997,1.28,14.9,5557,4497,227,5067,0,76957,0,0,0
2026-09-30T05:09:04Z,2026-09-30T10:39:04+0530,999997,1.08,15.5,5559,4498,736,5069,0,76957,0,0,0
2026-09-30T05:09:14Z,2026-09-30T10:39:14+0530,999997,1.36,17.6,5570,4497,0,5067,0,76957,0,0,0
2026-09-30T05:09:24Z,2026-09-30T10:39:24+0530,999997,1.90,17.6,5558,4497,1248,5068,0,76957,0,0,0
2026-09-30T05:09:34Z,2026-09-30T10:39:34+0530,999997,1.75,16.5,5557,4497,480,5069,0,76957,0,0,0
2026-09-30T05:09:44Z,2026-09-30T10:39:44+0530,999997,1.63,17.4,5564,4497,224,5068,0,76957,0,0,0
2026-09-30T05:09:54Z,2026-09-30T10:39:54+0530,999998,1.60,22.2,5566,4497,0,5075,0,76957,0,0,0
2026-09-30T05:10:04Z,2026-09-30T10:40:04+0530,999998,1.36,16.2,5565,4497,0,5074,0,76957,0,0,0
2026-09-30T05:10:14Z,2026-09-30T10:40:14+0530,999998,1.45,16.8,5569,4497,0,5075,0,76957,0,0,0
2026-09-30T05:10:24Z,2026-09-30T10:40:24+0530,999998,1.52,15.4,5569,4497,0,5075,0,76957,0,0,0
2026-09-30T05:10:35Z,2026-09-30T10:40:35+0530,999999,1.29,19.8,5570,4497,0,5075,0,76957,0,0,0
2026-09-30T05:10:45Z,2026-09-30T10:40:45+0530,999998,1.09,16.9,5570,4497,203,5076,0,76957,0,0,0
2026-09-30T05:10:55Z,2026-09-30T10:40:55+0530,999998,1.07,14.8,5571,4497,0,5075,0,76957,0,0,0
2026-09-30T05:11:05Z,2026-09-30T10:41:05+0530,999998,1.06,16.3,5568,4497,459,5076,0,76957,0,0,0
2026-09-30T05:11:15Z,2026-09-30T10:41:15+0530,999998,1.20,16.1,5573,4497,453,5076,0,76957,0,0,0
2026-09-30T05:11:25Z,2026-09-30T10:41:25+0530,999997,1.09,16.1,5570,4497,191,5076,0,76957,0,0,0
2026-09-30T05:11:35Z,2026-09-30T10:41:35+0530,999997,0.93,19.7,5569,4497,0,5075,0,76957,0,0,0
2026-09-30T05:11:45Z,2026-09-30T10:41:45+0530,999997,1.33,15.6,5587,4497,0,5091,0,76957,0,0,0
2026-09-30T05:11:55Z,2026-09-30T10:41:55+0530,999997,1.28,21.9,5638,4498,702,5150,0,76957,0,0,0
2026-09-30T05:12:05Z,2026-09-30T10:42:05+0530,999997,1.23,14.8,5641,4497,190,5148,0,76957,0,0,0
2026-09-30T05:12:15Z,2026-09-30T10:42:15+0530,999997,1.68,15.5,5654,4497,0,5148,0,76957,0,0,0
2026-09-30T05:12:25Z,2026-09-30T10:42:25+0530,999997,1.50,14.8,5638,4498,958,5151,0,76957,0,0,0
2026-09-30T05:12:35Z,2026-09-30T10:42:35+0530,999997,1.34,19.6,5641,4497,1214,5151,0,76957,0,0,0
2026-09-30T05:12:45Z,2026-09-30T10:42:45+0530,999997,1.53,17.0,5648,4497,0,5148,0,76957,0,0,0
2026-09-30T05:12:55Z,2026-09-30T10:42:55+0530,999997,1.37,15.7,5638,4498,702,5150,0,76957,0,0,0
2026-09-30T05:13:05Z,2026-09-30T10:43:05+0530,999997,1.24,18.1,5645,4497,190,5149,0,76957,0,0,0
2026-09-30T05:13:15Z,2026-09-30T10:43:15+0530,999997,1.21,16.4,5649,4497,0,5148,0,76957,0,0,0
2026-09-30T05:13:25Z,2026-09-30T10:43:25+0530,999997,1.32,14.9,5638,4497,183,5149,0,76957,0,0,0
2026-09-30T05:13:35Z,2026-09-30T10:43:35+0530,999997,1.35,18.1,5644,4497,439,5154,0,76957,0,0,0
2026-09-30T05:13:45Z,2026-09-30T10:43:45+0530,999997,1.44,15.7,5653,4497,439,5150,0,76957,0,0,0
2026-09-30T05:13:55Z,2026-09-30T10:43:55+0530,999997,1.29,20.8,5643,4497,183,5151,0,76957,0,0,0
2026-09-30T05:14:05Z,2026-09-30T10:44:06+0530,999997,1.32,18.0,5646,4498,695,5156,0,76957,0,0,0
2026-09-30T05:14:16Z,2026-09-30T10:44:16+0530,999997,1.48,16.5,5653,4497,178,5155,0,76957,0,0,0
2026-09-30T05:14:26Z,2026-09-30T10:44:26+0530,999997,1.64,14.9,5646,4497,177,5154,0,76957,0,0,0
2026-09-30T05:14:36Z,2026-09-30T10:44:36+0530,999997,2.28,18.5,5644,4497,187,5155,0,76957,0,0,0
2026-09-30T05:14:46Z,2026-09-30T10:44:46+0530,999997,1.93,14.3,5660,4497,0,5154,0,76957,0,0,0
2026-09-30T05:14:56Z,2026-09-30T10:44:56+0530,999997,1.63,15.2,5645,4497,170,5154,0,76957,0,0,0
2026-09-30T05:15:06Z,2026-09-30T10:45:06+0530,999997,1.70,16.3,5644,4498,676,5156,0,76957,0,0,0
2026-09-30T05:15:16Z,2026-09-30T10:45:16+0530,999997,1.67,14.8,5660,4497,420,5155,0,76957,0,0,0
2026-09-30T05:15:26Z,2026-09-30T10:45:26+0530,999997,1.65,15.8,5647,4496,420,5155,0,76957,0,0,0
2026-09-30T05:15:36Z,2026-09-30T10:45:36+0530,999997,1.72,17.2,5646,4497,420,5154,0,76957,0,0,0
2026-09-30T05:15:46Z,2026-09-30T10:45:46+0530,999997,1.45,14.0,5648,4497,676,5154,0,76957,0,0,0
2026-09-30T05:15:56Z,2026-09-30T10:45:56+0530,999997,1.31,17.3,5648,4497,944,5155,0,76957,0,0,0
2026-09-30T05:16:06Z,2026-09-30T10:46:06+0530,999997,1.58,18.1,5650,4497,0,5156,0,76957,0,0,0
2026-09-30T05:16:16Z,2026-09-30T10:46:16+0530,999997,1.42,14.9,5652,4497,176,5156,0,76957,0,0,0
2026-09-30T05:16:26Z,2026-09-30T10:46:26+0530,999997,1.27,15.6,5649,4497,176,5156,0,76957,0,0,0
2026-09-30T05:16:36Z,2026-09-30T10:46:36+0530,999997,1.16,18.7,5657,4497,176,5156,0,76957,0,0,0
2026-09-30T05:16:46Z,2026-09-30T10:46:46+0530,999997,1.05,14.7,5650,4497,432,5157,0,76957,0,0,0
2026-09-30T05:16:56Z,2026-09-30T10:46:56+0530,999997,1.20,15.1,5651,4497,0,5156,0,76957,0,0,0
2026-09-30T05:17:06Z,2026-09-30T10:47:06+0530,999997,1.09,18.6,5655,4497,176,5156,0,76957,0,0,0
2026-09-30T05:17:16Z,2026-09-30T10:47:16+0530,999997,0.92,14.7,5662,4497,0,5156,0,76957,0,0,0
2026-09-30T05:17:26Z,2026-09-30T10:47:26+0530,999997,0.78,15.7,5646,4497,0,5156,0,76957,0,0,0
2026-09-30T05:17:36Z,2026-09-30T10:47:36+0530,999997,0.88,19.8,5659,4497,177,5156,0,76957,0,0,0
2026-09-30T05:17:47Z,2026-09-30T10:47:47+0530,999997,0.89,16.2,5656,4497,0,5156,0,76957,0,0,0
2026-09-30T05:17:57Z,2026-09-30T10:47:57+0530,999997,0.98,16.8,5648,4497,433,5157,0,76957,0,0,0
2026-09-30T05:18:07Z,2026-09-30T10:48:07+0530,999997,1.13,24.3,5653,4497,433,5157,0,76957,0,0,0
2026-09-30T05:18:17Z,2026-09-30T10:48:17+0530,999997,0.95,15.8,5660,4497,177,5157,0,76957,0,0,0
2026-09-30T05:18:27Z,2026-09-30T10:48:27+0530,999997,0.81,15.8,5648,4498,695,5161,0,76957,0,0,0
2026-09-30T05:18:37Z,2026-09-30T10:48:37+0530,999997,0.92,17.6,5653,4497,695,5160,0,76957,0,0,0
2026-09-30T05:18:47Z,2026-09-30T10:48:47+0530,999997,0.85,19.2,5657,4497,183,5158,0,76957,0,0,0
2026-09-30T05:18:57Z,2026-09-30T10:48:57+0530,999997,0.72,17.0,5647,4497,439,5159,0,76957,0,0,0
2026-09-30T05:19:07Z,2026-09-30T10:49:07+0530,999997,0.84,17.5,5650,4497,183,5158,0,76957,0,0,0
2026-09-30T05:19:17Z,2026-09-30T10:49:17+0530,999997,0.71,14.9,5655,4497,0,5157,0,76957,0,0,0
2026-09-30T05:19:27Z,2026-09-30T10:49:27+0530,999997,1.23,14.9,5650,4497,439,5158,0,76957,0,0,0
2026-09-30T05:19:37Z,2026-09-30T10:49:37+0530,999997,1.12,17.5,5648,4497,442,5160,0,76957,0,0,0
2026-09-30T05:19:47Z,2026-09-30T10:49:47+0530,999997,0.95,17.9,5655,4497,691,5159,0,76957,0,0,0
2026-09-30T05:19:57Z,2026-09-30T10:49:57+0530,999997,1.27,15.3,5649,4497,168,5157,0,76957,0,0,0
2026-09-30T05:20:07Z,2026-09-30T10:50:07+0530,999997,1.08,24.1,5659,4497,168,5159,0,76957,0,0,0
2026-09-30T05:20:17Z,2026-09-30T10:50:17+0530,999997,1.45,13.4,5669,4497,168,5160,0,76957,0,0,0
2026-09-30T05:20:27Z,2026-09-30T10:50:27+0530,999997,1.78,15.2,5652,4497,0,5159,0,76957,0,0,0
2026-09-30T05:20:37Z,2026-09-30T10:50:37+0530,999997,1.51,17.0,5650,4497,173,5160,0,76957,0,0,0
2026-09-30T05:20:47Z,2026-09-30T10:50:47+0530,999997,1.28,17.3,5657,4497,0,5159,0,76957,0,0,0
2026-09-30T05:20:57Z,2026-09-30T10:50:57+0530,999997,1.40,16.4,5652,4497,0,5159,0,76957,0,0,0
2026-09-30T05:21:07Z,2026-09-30T10:51:07+0530,999997,1.34,16.7,5650,4498,427,5160,0,76957,0,0,0
2026-09-30T05:21:17Z,2026-09-30T10:51:17+0530,999997,1.13,13.3,5660,4497,0,5160,0,76957,0,0,0
2026-09-30T05:21:27Z,2026-09-30T10:51:27+0530,999997,1.11,15.5,5650,4497,408,5159,0,76957,0,0,0
2026-09-30T05:21:38Z,2026-09-30T10:51:38+0530,999997,1.10,17.1,5665,4497,151,5159,0,76957,0,0,0
2026-09-30T05:21:48Z,2026-09-30T10:51:48+0530,999997,1.08,15.5,5651,4498,407,5161,0,76957,0,0,0
2026-09-30T05:21:58Z,2026-09-30T10:51:58+0530,999997,1.21,15.3,5654,4497,144,5159,0,76957,0,0,0
2026-09-30T05:22:08Z,2026-09-30T10:52:08+0530,999997,1.18,24.7,5666,4497,144,5159,0,76957,0,0,0
2026-09-30T05:22:18Z,2026-09-30T10:52:18+0530,999997,1.07,15.5,5651,4499,921,5164,0,76957,0,0,0
2026-09-30T05:22:28Z,2026-09-30T10:52:28+0530,999997,1.80,17.2,5655,4497,409,5159,0,76957,0,0,0
2026-09-30T05:22:38Z,2026-09-30T10:52:38+0530,999997,1.52,16.7,5657,4497,153,5159,0,76957,0,0,0
2026-09-30T05:22:48Z,2026-09-30T10:52:48+0530,999997,1.82,17.8,5670,4498,921,5164,0,76957,0,0,0
2026-09-30T05:22:58Z,2026-09-30T10:52:58+0530,999997,1.69,16.0,5655,4497,153,5159,0,76957,0,0,0
2026-09-30T05:23:08Z,2026-09-30T10:53:08+0530,999997,1.43,18.3,5664,4497,144,5159,0,76957,0,0,0
2026-09-30T05:23:18Z,2026-09-30T10:53:18+0530,999997,1.45,15.1,5652,4499,1168,5162,0,76957,0,0,0
2026-09-30T05:23:28Z,2026-09-30T10:53:28+0530,999997,1.52,16.1,5654,4497,144,5160,0,76957,0,0,0
2026-09-30T05:23:38Z,2026-09-30T10:53:38+0530,999997,1.52,18.0,5654,4497,142,5159,0,76957,0,0,0
2026-09-30T05:23:48Z,2026-09-30T10:53:48+0530,999997,1.36,17.7,5651,4498,910,5159,0,76957,0,0,0
2026-09-30T05:23:58Z,2026-09-30T10:53:58+0530,999997,1.22,14.9,5650,4498,910,5162,0,76957,0,0,0
2026-09-30T05:24:08Z,2026-09-30T10:54:08+0530,999997,1.19,22.6,5655,4497,142,5159,0,76957,0,0,0
2026-09-30T05:24:18Z,2026-09-30T10:54:18+0530,999997,1.01,14.9,5653,4497,0,5159,0,76957,0,0,0
2026-09-30T05:24:28Z,2026-09-30T10:54:28+0530,999997,1.25,15.2,5650,4498,654,5163,0,76957,0,0,0
2026-09-30T05:24:38Z,2026-09-30T10:54:38+0530,999997,1.14,17.2,5665,4497,648,5161,0,76957,0,0,0
2026-09-30T05:24:48Z,2026-09-30T10:54:48+0530,999997,1.04,17.0,5652,4497,0,5159,0,76957,0,0,0
2026-09-30T05:24:58Z,2026-09-30T10:54:58+0530,999997,0.95,16.2,5650,4498,638,5161,0,76957,0,0,0
2026-09-30T05:25:08Z,2026-09-30T10:55:08+0530,999997,0.81,17.6,5667,4497,125,5160,0,76957,0,0,0
2026-09-30T05:25:18Z,2026-09-30T10:55:18+0530,999997,1.23,14.4,5654,4497,125,5159,0,76957,0,0,0
2026-09-30T05:25:28Z,2026-09-30T10:55:28+0530,999997,1.04,14.2,5649,4497,379,5161,0,76957,0,0,0
2026-09-30T05:25:38Z,2026-09-30T10:55:38+0530,999997,0.88,16.4,5656,4497,117,5160,0,76957,0,0,0
2026-09-30T05:25:49Z,2026-09-30T10:55:49+0530,999997,0.99,17.6,5661,4497,629,5162,0,76957,0,0,0
2026-09-30T05:25:59Z,2026-09-30T10:55:59+0530,999997,0.83,14.9,5651,4497,395,5159,0,76957,0,0,0
2026-09-30T05:26:09Z,2026-09-30T10:56:09+0530,999997,1.01,24.3,5656,4497,395,5161,0,76957,0,0,0
2026-09-30T05:26:19Z,2026-09-30T10:56:19+0530,999997,1.00,13.3,5653,4497,139,5159,0,76957,0,0,0
2026-09-30T05:26:29Z,2026-09-30T10:56:29+0530,999997,0.85,15.3,5651,4497,0,5159,0,76957,0,0,0
2026-09-30T05:26:39Z,2026-09-30T10:56:39+0530,999997,0.80,17.1,5651,4497,133,5159,0,76957,0,0,0
2026-09-30T05:26:49Z,2026-09-30T10:56:49+0530,999997,0.76,17.6,5660,4497,133,5159,0,76957,0,0,0
2026-09-30T05:26:59Z,2026-09-30T10:56:59+0530,999997,1.02,15.5,5651,4497,0,5161,0,76957,0,0,0
2026-09-30T05:27:09Z,2026-09-30T10:57:09+0530,999997,0.94,18.2,5655,4497,133,5160,0,76957,0,0,0
2026-09-30T05:27:19Z,2026-09-30T10:57:19+0530,999997,0.79,15.4,5663,4497,0,5160,0,76957,0,0,0
2026-09-30T05:27:29Z,2026-09-30T10:57:29+0530,999997,0.89,14.9,5652,4497,0,5160,0,76957,0,0,0
2026-09-30T05:27:39Z,2026-09-30T10:57:39+0530,999997,0.75,17.0,5652,4497,378,5160,0,76957,0,0,0
2026-09-30T05:27:49Z,2026-09-30T10:57:49+0530,999997,1.33,14.3,5657,4497,0,5162,0,76957,0,0,0
2026-09-30T05:27:59Z,2026-09-30T10:57:59+0530,999997,1.12,17.6,5653,4497,0,5159,0,76957,0,0,0
2026-09-30T05:28:09Z,2026-09-30T10:58:09+0530,999997,1.02,25.9,5657,4497,137,5159,0,76957,0,0,0
2026-09-30T05:28:19Z,2026-09-30T10:58:19+0530,999997,1.01,14.3,5656,4499,393,5161,0,76957,0,0,0
2026-09-30T05:28:29Z,2026-09-30T10:58:29+0530,999997,0.86,14.2,5653,4497,137,5159,0,76957,0,0,0
2026-09-30T05:28:39Z,2026-09-30T10:58:39+0530,999997,0.88,14.7,5653,4497,137,5159,0,76957,0,0,0
2026-09-30T05:28:49Z,2026-09-30T10:58:49+0530,999997,1.19,14.5,5651,4499,905,5163,0,76957,0,0,0
2026-09-30T05:28:59Z,2026-09-30T10:58:59+0530,999997,1.00,18.6,5655,4497,0,5160,0,76957,0,0,0
2026-09-30T05:29:09Z,2026-09-30T10:59:09+0530,999997,1.09,17.1,5656,4497,0,5159,0,76957,0,0,0
2026-09-30T05:29:19Z,2026-09-30T10:59:19+0530,999997,1.00,15.3,5652,4499,1168,5164,0,76957,0,0,0
2026-09-30T05:29:29Z,2026-09-30T10:59:29+0530,999997,1.08,16.0,5655,4497,144,5160,0,76957,0,0,0
2026-09-30T05:29:40Z,2026-09-30T10:59:40+0530,999997,0.98,16.7,5654,4497,144,5160,0,76957,0,0,0
2026-09-30T05:29:50Z,2026-09-30T10:59:50+0530,999997,0.91,15.3,5650,4498,656,5161,0,76957,0,0,0
2026-09-30T05:30:00Z,2026-09-30T11:00:00+0530,999997,0.93,18.1,5654,4497,400,5160,0,76957,0,0,0
2026-09-30T05:30:10Z,2026-09-30T11:00:10+0530,999997,1.66,27.1,5654,4497,141,5159,0,76957,0,0,0
2026-09-30T05:30:20Z,2026-09-30T11:00:20+0530,999997,1.71,14.6,5651,4498,397,5162,0,76957,0,0,0
2026-09-30T05:30:30Z,2026-09-30T11:00:30+0530,999997,1.61,16.0,5656,4497,141,5160,0,76957,0,0,0
2026-09-30T05:30:40Z,2026-09-30T11:00:40+0530,999997,1.68,18.1,5661,4497,397,5161,0,76957,0,0,0
2026-09-30T05:30:50Z,2026-09-30T11:00:50+0530,999997,1.58,15.4,5655,4497,141,5161,0,76957,0,0,0
2026-09-30T05:31:00Z,2026-09-30T11:01:00+0530,999997,1.42,18.8,5651,4497,651,5161,0,76957,0,0,0
2026-09-30T05:31:10Z,2026-09-30T11:01:10+0530,999997,1.60,18.3,5656,4497,395,5160,0,76957,0,0,0
2026-09-30T05:31:20Z,2026-09-30T11:01:20+0530,999997,1.35,15.2,5660,4497,0,5160,0,76957,0,0,0
2026-09-30T05:31:30Z,2026-09-30T11:01:30+0530,999997,1.14,14.3,5659,4497,132,5159,0,76957,0,0,0
2026-09-30T05:31:40Z,2026-09-30T11:01:40+0530,999997,1.45,16.3,5666,4497,388,5159,0,76957,0,0,0
2026-09-30T05:31:50Z,2026-09-30T11:01:50+0530,999997,1.22,14.6,5661,4497,0,5161,0,76957,0,0,0
2026-09-30T05:32:00Z,2026-09-30T11:02:00+0530,999997,1.19,18.2,5651,4498,629,5161,0,76957,0,0,0
2026-09-30T05:32:10Z,2026-09-30T11:02:10+0530,999997,1.16,25.4,5660,4497,373,5161,0,76957,0,0,0
2026-09-30T05:32:20Z,2026-09-30T11:02:20+0530,999997,0.98,14.4,5655,4497,117,5161,0,76957,0,0,0
2026-09-30T05:32:30Z,2026-09-30T11:02:30+0530,999997,0.83,14.8,5653,4497,115,5161,0,76957,0,0,0
2026-09-30T05:32:40Z,2026-09-30T11:02:40+0530,999997,1.00,17.6,5670,4497,375,5161,0,76957,0,0,0
2026-09-30T05:32:50Z,2026-09-30T11:02:50+0530,999997,1.40,15.0,5656,4497,119,5161,0,76957,0,0,0
2026-09-30T05:33:00Z,2026-09-30T11:03:00+0530,999997,1.33,17.3,5652,4497,0,5161,0,76957,0,0,0
2026-09-30T05:33:10Z,2026-09-30T11:03:10+0530,999997,1.49,17.8,5655,4497,119,5161,0,76957,0,0,0
2026-09-30T05:33:20Z,2026-09-30T11:03:20+0530,999997,1.34,13.7,5665,4497,119,5162,0,76957,0,0,0
2026-09-30T05:33:31Z,2026-09-30T11:03:31+0530,999997,1.14,14.4,5664,4497,0,5161,0,76957,0,0,0
2026-09-30T05:33:41Z,2026-09-30T11:03:41+0530,999997,1.56,16.6,5655,4497,119,5161,0,76957,0,0,0
2026-09-30T05:33:51Z,2026-09-30T11:03:51+0530,999997,1.39,13.9,5662,4497,119,5161,0,76957,0,0,0
2026-09-30T05:34:01Z,2026-09-30T11:04:01+0530,999997,1.32,19.2,5662,4497,119,5161,0,76957,0,0,0
2026-09-30T05:34:11Z,2026-09-30T11:04:11+0530,999997,1.56,25.7,5657,4497,119,5161,0,76957,0,0,0
2026-09-30T05:34:21Z,2026-09-30T11:04:21+0530,999997,1.32,14.3,5656,4497,119,5162,0,76957,0,0,0
2026-09-30T05:34:31Z,2026-09-30T11:04:31+0530,999997,1.43,15.0,5654,4497,117,5161,0,76957,0,0,0
2026-09-30T05:34:41Z,2026-09-30T11:04:41+0530,999997,1.29,17.2,5659,4497,373,5162,0,76957,0,0,0
2026-09-30T05:34:51Z,2026-09-30T11:04:51+0530,999997,1.17,14.2,5664,4507,1909,5170,0,76957,0,0,0
2026-09-30T05:35:01Z,2026-09-30T11:05:01+0530,999997,0.99,18.2,5654,4497,0,5161,0,76957,0,0,0
2026-09-30T05:35:11Z,2026-09-30T11:05:11+0530,999997,0.92,20.4,5669,4497,371,5161,0,76957,0,0,0
2026-09-30T05:35:21Z,2026-09-30T11:05:21+0530,999997,0.93,15.2,5655,4499,1395,5166,0,76957,0,0,0
2026-09-30T05:35:31Z,2026-09-30T11:05:31+0530,999997,1.43,17.2,5665,4497,371,5162,0,76957,0,0,0
2026-09-30T05:35:41Z,2026-09-30T11:05:41+0530,999997,1.21,18.6,5661,4497,115,5163,0,76957,0,0,0
2026-09-30T05:35:51Z,2026-09-30T11:05:51+0530,999997,1.26,14.5,5654,4498,627,5164,0,76957,0,0,0
2026-09-30T05:36:01Z,2026-09-30T11:06:01+0530,999997,1.23,16.1,5667,4497,115,5162,0,76957,0,0,0
2026-09-30T05:36:11Z,2026-09-30T11:06:11+0530,999997,1.19,28.8,5666,4497,371,5161,0,76957,0,0,0
2026-09-30T05:36:21Z,2026-09-30T11:06:21+0530,999997,1.17,14.1,5653,4498,369,5163,0,76957,0,0,0
2026-09-30T05:36:31Z,2026-09-30T11:06:31+0530,999997,1.47,14.5,5667,4497,113,5161,0,76957,0,0,0
2026-09-30T05:36:41Z,2026-09-30T11:06:41+0530,999997,1.40,16.3,5671,4497,113,5161,0,76957,0,0,0
2026-09-30T05:36:51Z,2026-09-30T11:06:51+0530,999997,1.35,14.6,5654,4498,625,5163,0,76957,0,0,0
2026-09-30T05:37:01Z,2026-09-30T11:07:01+0530,999997,1.78,15.4,5657,4497,111,5162,0,76957,0,0,0
2026-09-30T05:37:11Z,2026-09-30T11:07:11+0530,999997,1.50,20.8,5670,4497,111,5162,0,76957,0,0,0
2026-09-30T05:37:22Z,2026-09-30T11:07:22+0530,999997,1.27,13.7,5654,4497,111,5161,0,76957,0,0,0
2026-09-30T05:37:32Z,2026-09-30T11:07:32+0530,999997,1.07,14.6,5662,4497,111,5162,0,76957,0,0,0
2026-09-30T05:37:42Z,2026-09-30T11:07:42+0530,1000000,0.91,17.3,5755,4514,67695,5425,0,76957,0,0,0
2026-09-30T05:37:52Z,2026-09-30T11:07:52+0530,1000002,1.08,50.7,5389,4595,401519,5318,0,76957,0,0,0
2026-09-30T05:38:02Z,2026-09-30T11:08:02+0530,11442,1.22,71.5,1177,546,111,68,0,76957,0,0,0
2026-09-30T05:38:12Z,2026-09-30T11:08:12+0530,131943,1.26,40.9,1719,1024,111,631,0,76957,0,0,0
2026-09-30T05:38:22Z,2026-09-30T11:08:22+0530,252473,1.46,42.6,2273,1496,111,1226,0,76957,0,0,0
2026-09-30T05:38:32Z,2026-09-30T11:08:32+0530,372771,1.39,45.0,2698,1978,0,1762,0,76957,0,0,0
2026-09-30T05:38:42Z,2026-09-30T11:08:42+0530,492991,1.64,47.5,3219,2460,367,2374,0,76957,0,0,0
2026-09-30T05:38:52Z,2026-09-30T11:08:52+0530,613130,1.79,51.4,3701,2937,106,2949,0,76957,0,0,0
2026-09-30T05:39:02Z,2026-09-30T11:09:02+0530,731892,1.95,58.5,4148,3408,618,3468,0,76957,0,0,0
2026-09-30T05:39:12Z,2026-09-30T11:09:12+0530,844803,1.88,68.7,4652,3861,362,4062,0,76957,0,0,0
2026-09-30T05:39:22Z,2026-09-30T11:09:22+0530,935490,1.83,49.7,5044,4238,362,4495,0,76957,0,0,0
2026-09-30T05:39:32Z,2026-09-30T11:09:32+0530,935935,2.00,16.8,5106,4240,102,4546,0,76957,0,0,0
2026-09-30T05:39:42Z,2026-09-30T11:09:42+0530,936498,1.85,29.3,5132,4242,102,4567,0,76957,0,0,0
2026-09-30T05:39:52Z,2026-09-30T11:09:52+0530,937931,1.72,16.5,5124,4249,614,4575,0,76957,0,0,0
2026-09-30T05:40:02Z,2026-09-30T11:10:02+0530,998819,1.75,37.1,5305,4492,358,4802,0,76957,0,0,0
2026-09-30T05:40:12Z,2026-09-30T11:10:12+0530,999997,1.80,23.9,5330,4497,102,4808,0,76957,0,0,0
2026-09-30T05:40:23Z,2026-09-30T11:10:23+0530,999997,1.91,16.7,5318,4497,102,4808,0,76957,0,0,0
2026-09-30T05:40:33Z,2026-09-30T11:10:33+0530,999997,2.09,17.7,5357,4497,102,4854,0,76957,0,0,0
2026-09-30T05:40:43Z,2026-09-30T11:10:43+0530,999998,1.85,21.5,5422,4497,352,4907,0,76957,0,0,0
2026-09-30T05:40:53Z,2026-09-30T11:10:53+0530,999997,1.81,32.7,5452,4497,0,4942,0,76957,0,0,0
2026-09-30T05:41:03Z,2026-09-30T11:11:03+0530,999998,1.60,22.5,5452,4498,82,4943,0,76957,0,0,0
2026-09-30T05:41:13Z,2026-09-30T11:11:13+0530,999997,1.90,28.0,5456,4497,82,4941,0,76957,0,0,0
2026-09-30T05:41:23Z,2026-09-30T11:11:23+0530,999998,2.32,15.5,5457,4497,0,4942,0,76957,0,0,0
2026-09-30T05:41:33Z,2026-09-30T11:11:33+0530,999997,1.96,18.0,5459,4497,175,4942,0,76957,0,0,0
2026-09-30T05:41:43Z,2026-09-30T11:11:43+0530,999997,1.82,18.1,5459,4497,172,4942,0,76957,0,0,0
2026-09-30T05:41:53Z,2026-09-30T11:11:53+0530,999997,1.94,15.8,5452,4497,428,4943,0,76957,0,0,0
2026-09-30T05:42:03Z,2026-09-30T11:12:03+0530,999997,1.94,18.5,5453,4497,0,4943,0,76957,0,0,0
2026-09-30T05:42:13Z,2026-09-30T11:12:13+0530,999997,1.97,20.3,5459,4497,172,4946,0,76957,0,0,0
2026-09-30T05:42:23Z,2026-09-30T11:12:23+0530,999997,1.74,18.2,5498,4497,172,4986,0,76957,0,0,0
2026-09-30T05:42:33Z,2026-09-30T11:12:33+0530,999997,1.64,17.0,5547,4497,166,5038,0,76957,0,0,0
2026-09-30T05:42:43Z,2026-09-30T11:12:43+0530,999997,1.70,27.5,5573,4498,422,5063,0,76957,0,0,0
2026-09-30T05:42:53Z,2026-09-30T11:12:53+0530,999997,1.83,15.9,5576,4497,166,5062,0,76957,0,0,0
2026-09-30T05:43:03Z,2026-09-30T11:13:03+0530,999997,1.55,15.0,5565,4497,0,5062,0,76957,0,0,0
2026-09-30T05:43:13Z,2026-09-30T11:13:13+0530,999997,1.31,21.3,5566,4498,422,5062,0,76957,0,0,0
2026-09-30T05:43:23Z,2026-09-30T11:13:23+0530,999997,1.18,14.8,5576,4497,0,5063,0,76957,0,0,0
2026-09-30T05:43:34Z,2026-09-30T11:13:34+0530,999997,1.07,14.6,5571,4497,161,5062,0,76957,0,0,0
2026-09-30T05:43:44Z,2026-09-30T11:13:44+0530,999997,1.21,15.8,5566,4497,417,5062,0,76957,0,0,0
2026-09-30T05:43:54Z,2026-09-30T11:13:54+0530,999997,1.69,14.6,5572,4498,673,5064,0,76957,0,0,0
2026-09-30T05:44:04Z,2026-09-30T11:14:04+0530,999997,1.43,15.5,5568,4497,0,5062,0,76957,0,0,0
2026-09-30T05:44:14Z,2026-09-30T11:14:14+0530,999997,1.29,20.8,5570,4497,0,5063,0,76957,0,0,0
2026-09-30T05:44:24Z,2026-09-30T11:14:24+0530,999997,1.24,13.3,5568,4499,673,5069,0,76957,0,0,0
2026-09-30T05:44:34Z,2026-09-30T11:14:34+0530,999998,1.27,20.8,5575,4497,0,5070,0,76957,0,0,0
2026-09-30T05:44:44Z,2026-09-30T11:14:44+0530,999998,1.15,16.8,5574,4497,161,5070,0,76957,0,0,0
2026-09-30T05:44:54Z,2026-09-30T11:14:54+0530,999998,1.34,14.3,5573,4498,929,5072,0,76957,0,0,0
2026-09-30T05:45:04Z,2026-09-30T11:15:04+0530,999998,1.14,14.6,5575,4497,671,5071,0,76957,0,0,0
2026-09-30T05:45:14Z,2026-09-30T11:15:14+0530,999998,0.96,18.8,5582,4497,0,5069,0,76957,0,0,0
2026-09-30T05:45:24Z,2026-09-30T11:15:24+0530,999998,0.97,28.5,5579,4498,400,5073,0,76957,0,0,0
2026-09-30T05:45:34Z,2026-09-30T11:15:34+0530,999998,0.82,23.2,5585,4497,144,5073,0,76957,0,0,0
2026-09-30T05:45:44Z,2026-09-30T11:15:44+0530,999998,0.77,26.5,5594,4497,144,5070,0,76957,0,0,0
2026-09-30T05:45:54Z,2026-09-30T11:15:54+0530,999997,1.05,16.4,5585,4497,144,5070,0,76957,0,0,0
2026-09-30T05:46:04Z,2026-09-30T11:16:04+0530,999998,0.89,14.5,5573,4498,656,5072,0,76957,0,0,0
2026-09-30T05:46:14Z,2026-09-30T11:16:14+0530,999998,1.22,18.3,5583,4498,662,5072,0,76957,0,0,0
2026-09-30T05:46:24Z,2026-09-30T11:16:24+0530,999998,1.19,32.0,5605,4497,150,5091,0,76957,0,0,0
2026-09-30T05:46:34Z,2026-09-30T11:16:34+0530,999999,1.01,15.2,5597,4498,662,5093,0,76957,0,0,0
2026-09-30T05:46:44Z,2026-09-30T11:16:44+0530,999999,1.09,16.9,5607,4497,150,5092,0,76957,0,0,0
2026-09-30T05:46:54Z,2026-09-30T11:16:54+0530,999999,0.92,14.2,5597,4497,0,5092,0,76957,0,0,0
2026-09-30T05:47:04Z,2026-09-30T11:17:04+0530,999997,1.46,15.6,5596,4498,387,5093,0,76957,0,0,0
2026-09-30T05:47:14Z,2026-09-30T11:17:14+0530,999997,1.87,17.8,5611,4497,131,5093,0,76957,0,0,0
2026-09-30T05:47:24Z,2026-09-30T11:17:24+0530,999997,1.59,16.6,5598,4497,123,5092,0,76957,0,0,0
2026-09-30T05:47:35Z,2026-09-30T11:17:35+0530,999997,1.34,14.6,5596,4498,635,5094,0,76957,0,0,0
2026-09-30T05:47:45Z,2026-09-30T11:17:45+0530,999997,1.62,20.6,5618,4497,123,5094,0,76957,0,0,0
2026-09-30T05:47:55Z,2026-09-30T11:17:55+0530,999997,1.48,15.5,5611,4497,123,5093,0,76957,0,0,0
2026-09-30T05:48:05Z,2026-09-30T11:18:05+0530,999997,1.25,16.7,5603,4497,377,5092,0,76957,0,0,0
2026-09-30T05:48:15Z,2026-09-30T11:18:15+0530,999997,1.21,17.9,5657,4497,377,5137,0,76957,0,0,0
2026-09-30T05:48:25Z,2026-09-30T11:18:25+0530,999997,1.03,25.1,5654,4497,121,5147,0,76957,0,0,0
2026-09-30T05:48:35Z,2026-09-30T11:18:35+0530,999997,0.95,16.2,5652,4497,116,5147,0,76957,0,0,0
2026-09-30T05:48:45Z,2026-09-30T11:18:45+0530,999997,0.96,17.6,5659,4497,116,5149,0,76957,0,0,0
2026-09-30T05:48:55Z,2026-09-30T11:18:55+0530,999998,1.05,17.8,5689,4497,116,5148,0,76957,0,0,0
2026-09-30T05:49:05Z,2026-09-30T11:19:05+0530,999997,1.61,17.0,5660,4497,116,5149,0,76957,0,0,0
2026-09-30T05:49:15Z,2026-09-30T11:19:15+0530,999997,1.43,17.3,5667,4497,116,5148,0,76957,0,0,0
2026-09-30T05:49:25Z,2026-09-30T11:19:25+0530,999997,1.29,17.6,5657,4497,116,5149,0,76957,0,0,0
2026-09-30T05:49:35Z,2026-09-30T11:19:35+0530,999997,1.57,15.6,5653,4498,640,5149,0,76957,0,0,0
2026-09-30T05:49:45Z,2026-09-30T11:19:45+0530,999997,1.40,16.4,5652,4497,0,5148,0,76957,0,0,0
2026-09-30T05:49:55Z,2026-09-30T11:19:55+0530,999997,1.26,13.8,5662,4507,1664,5154,0,76957,0,0,0
2026-09-30T05:50:05Z,2026-09-30T11:20:05+0530,999997,1.46,15.1,5658,4497,128,5148,0,76957,0,0,0
2026-09-30T05:50:15Z,2026-09-30T11:20:15+0530,999997,1.95,27.6,5667,4497,128,5153,0,76957,0,0,0
2026-09-30T05:50:25Z,2026-09-30T11:20:25+0530,999997,1.80,17.5,5671,4499,896,5157,0,76957,0,0,0
2026-09-30T05:50:35Z,2026-09-30T11:20:35+0530,999997,1.60,15.8,5661,4497,128,5157,0,76957,0,0,0
2026-09-30T05:50:45Z,2026-09-30T11:20:45+0530,999997,1.36,16.0,5669,4497,384,5153,0,76957,0,0,0
2026-09-30T05:50:55Z,2026-09-30T11:20:55+0530,999997,1.15,14.6,5658,4499,640,5156,0,76957,0,0,0
2026-09-30T05:51:05Z,2026-09-30T11:21:05+0530,999997,1.28,15.2,5661,4498,384,5157,0,76957,0,0,0
2026-09-30T05:51:16Z,2026-09-30T11:21:16+0530,999997,1.39,16.1,5665,4497,127,5153,0,76957,0,0,0
2026-09-30T05:51:26Z,2026-09-30T11:21:26+0530,999997,1.32,15.7,5657,4498,382,5155,0,76957,0,0,0
2026-09-30T05:51:36Z,2026-09-30T11:21:36+0530,1000001,1.19,14.6,5728,4532,135550,5518,0,76957,0,0,0
2026-09-30T05:51:46Z,2026-09-30T11:21:46+0530,999997,1.62,81.4,5464,4529,119166,5127,0,76957,0,0,0
2026-09-30T05:51:56Z,2026-09-30T11:21:56+0530,999997,1.60,23.9,5304,4497,0,4715,0,76957,0,0,0
2026-09-30T05:52:06Z,2026-09-30T11:22:06+0530,999997,1.80,19.2,5263,4498,894,4767,0,76957,0,0,0
2026-09-30T05:52:16Z,2026-09-30T11:22:16+0530,999997,1.60,18.0,5297,4497,126,4816,0,76957,0,0,0
2026-09-30T05:52:26Z,2026-09-30T11:22:26+0530,999997,1.35,18.0,5352,4497,389,4868,0,76957,0,0,0
2026-09-30T05:52:36Z,2026-09-30T11:22:36+0530,999997,1.59,16.3,5409,4497,133,4922,0,76957,0,0,0
2026-09-30T05:52:46Z,2026-09-30T11:22:46+0530,999997,1.59,14.5,5464,4497,379,4975,0,76957,0,0,0
2026-09-30T05:52:56Z,2026-09-30T11:22:56+0530,999997,1.42,15.3,5508,4497,123,5023,0,76957,0,0,0
2026-09-30T05:53:06Z,2026-09-30T11:23:06+0530,999997,1.49,16.1,5566,4497,0,5074,0,76957,0,0,0
2026-09-30T05:53:16Z,2026-09-30T11:23:16+0530,999997,1.34,16.4,5614,4497,385,5128,0,76957,0,0,0
2026-09-30T05:53:26Z,2026-09-30T11:23:26+0530,999997,1.14,16.1,5663,4498,641,5182,0,76957,0,0,0
2026-09-30T05:53:36Z,2026-09-30T11:23:36+0530,999997,1.19,15.2,5716,4497,129,5231,0,76957,0,0,0
2026-09-30T05:53:46Z,2026-09-30T11:23:46+0530,999997,1.08,23.6,5758,4497,129,5272,0,76957,0,0,0
2026-09-30T05:53:56Z,2026-09-30T11:23:56+0530,999997,1.24,13.7,5756,4497,120,5273,0,76957,0,0,0
2026-09-30T05:54:06Z,2026-09-30T11:24:07+0530,999997,1.29,15.6,5757,4497,632,5272,0,76957,0,0,0
2026-09-30T05:54:17Z,2026-09-30T11:24:17+0530,999997,1.16,16.1,5762,4497,120,5272,0,76957,0,0,0
2026-09-30T05:54:27Z,2026-09-30T11:24:27+0530,999997,1.22,14.7,5763,4504,1400,5278,0,76957,0,0,0
2026-09-30T05:54:37Z,2026-09-30T11:24:37+0530,999997,1.18,17.9,5756,4498,376,5275,0,76957,0,0,0
2026-09-30T05:54:47Z,2026-09-30T11:24:47+0530,999997,1.32,16.3,5769,4497,120,5272,0,76957,0,0,0
2026-09-30T05:54:57Z,2026-09-30T11:24:57+0530,999997,1.28,14.2,5754,4498,376,5274,0,76957,0,0,0
2026-09-30T05:55:07Z,2026-09-30T11:25:07+0530,999997,1.16,16.3,5768,4497,380,5273,0,76957,0,0,0
2026-09-30T05:55:17Z,2026-09-30T11:25:17+0530,999997,1.06,14.5,5757,4497,0,5272,0,76957,0,0,0
2026-09-30T05:55:27Z,2026-09-30T11:25:27+0530,999997,1.36,18.7,5767,4498,892,5274,0,76957,0,0,0
2026-09-30T05:55:37Z,2026-09-30T11:25:37+0530,999997,1.15,16.5,5768,4497,127,5274,0,76957,0,0,0
2026-09-30T05:55:47Z,2026-09-30T11:25:47+0530,999997,0.97,23.6,5763,4497,127,5225,0,76957,0,0,0
2026-09-30T05:55:57Z,2026-09-30T11:25:57+0530,999997,1.27,13.9,5705,4499,626,5225,0,76957,0,0,0
2026-09-30T05:56:07Z,2026-09-30T11:26:07+0530,999997,1.15,15.1,5709,4497,114,5224,0,76957,0,0,0
2026-09-30T05:56:17Z,2026-09-30T11:26:17+0530,999997,1.05,15.8,5713,4497,369,5224,0,76957,0,0,0
2026-09-30T05:56:27Z,2026-09-30T11:26:27+0530,999997,1.34,14.4,5706,4498,625,5225,0,76957,0,0,0
2026-09-30T05:56:37Z,2026-09-30T11:26:37+0530,999997,1.21,17.0,5706,4497,368,5227,0,76957,0,0,0
2026-09-30T05:56:47Z,2026-09-30T11:26:47+0530,999997,1.10,14.9,5713,4497,112,5223,0,76957,0,0,0
2026-09-30T05:56:57Z,2026-09-30T11:26:57+0530,999997,1.38,14.4,5705,4497,115,5223,0,76957,0,0,0
2026-09-30T05:57:07Z,2026-09-30T11:27:07+0530,999997,1.32,15.8,5708,4497,116,5223,0,76957,0,0,0
2026-09-30T05:57:17Z,2026-09-30T11:27:17+0530,999997,1.19,16.5,5723,4497,871,5223,0,76957,0,0,0
2026-09-30T05:57:27Z,2026-09-30T11:27:27+0530,999997,1.30,14.9,5706,4497,103,5223,0,76957,0,0,0
2026-09-30T05:57:37Z,2026-09-30T11:27:37+0530,999997,1.32,18.8,5705,4498,615,5225,0,76957,0,0,0
2026-09-30T05:57:47Z,2026-09-30T11:27:47+0530,999997,1.27,23.4,5716,4497,103,5223,0,76957,0,0,0
2026-09-30T05:57:57Z,2026-09-30T11:27:57+0530,999997,1.61,14.2,5713,4497,103,5224,0,76957,0,0,0
2026-09-30T05:58:07Z,2026-09-30T11:28:07+0530,999997,1.36,15.1,5715,4497,372,5226,0,76957,0,0,0
2026-09-30T05:58:18Z,2026-09-30T11:28:18+0530,999997,1.15,16.8,5722,4498,372,5224,0,76957,0,0,0
2026-09-30T05:58:28Z,2026-09-30T11:28:28+0530,999997,1.05,13.7,5706,4497,0,5223,0,76957,0,0,0
2026-09-30T05:58:38Z,2026-09-30T11:28:38+0530,999997,0.97,18.0,5707,4497,139,5223,0,76957,0,0,0
2026-09-30T05:58:48Z,2026-09-30T11:28:48+0530,999998,1.29,19.3,5729,4498,395,5224,0,76957,0,0,0
2026-09-30T05:58:58Z,2026-09-30T11:28:58+0530,999997,1.31,20.7,5716,4497,0,5223,0,76957,0,0,0
2026-09-30T05:59:08Z,2026-09-30T11:29:08+0530,999998,1.11,21.7,5717,4497,139,5223,0,76957,0,0,0
2026-09-30T05:59:18Z,2026-09-30T11:29:18+0530,999997,1.08,20.9,5716,4497,139,5224,0,76957,0,0,0
2026-09-30T05:59:28Z,2026-09-30T11:29:28+0530,999997,1.00,20.5,5715,4498,651,5224,0,76957,0,0,0
2026-09-30T05:59:38Z,2026-09-30T11:29:38+0530,999997,1.15,19.1,5712,4497,0,5223,0,76957,0,0,0
2026-09-30T05:59:48Z,2026-09-30T11:29:48+0530,999998,1.14,24.6,5720,4497,0,5223,0,76957,0,0,0
2026-09-30T05:59:58Z,2026-09-30T11:29:58+0530,999997,0.96,16.1,5715,4497,390,5224,0,76957,0,0,0
2026-09-30T06:00:08Z,2026-09-30T11:30:08+0530,999997,1.03,19.3,5727,4497,134,5223,0,76957,0,0,0
2026-09-30T06:00:18Z,2026-09-30T11:30:18+0530,999997,1.12,14.7,5722,4497,123,5223,0,76957,0,0,0
2026-09-30T06:00:28Z,2026-09-30T11:30:28+0530,999997,1.09,15.9,5708,4498,635,5226,0,76957,0,0,0
2026-09-30T06:00:38Z,2026-09-30T11:30:38+0530,999997,1.24,19.0,5720,4498,374,5224,0,76957,0,0,0
2026-09-30T06:00:48Z,2026-09-30T11:30:48+0530,999997,1.37,17.3,5719,4497,0,5223,0,76957,0,0,0
2026-09-30T06:00:58Z,2026-09-30T11:30:58+0530,999998,1.16,15.6,5714,4498,625,5225,0,76957,0,0,0
2026-09-30T06:01:08Z,2026-09-30T11:31:08+0530,999997,1.14,17.5,5726,4497,369,5224,0,76957,0,0,0
2026-09-30T06:01:18Z,2026-09-30T11:31:18+0530,999997,1.27,16.7,5718,4497,369,5223,0,76957,0,0,0
2026-09-30T06:01:28Z,2026-09-30T11:31:28+0530,999997,1.15,14.1,5706,4498,369,5224,0,76957,0,0,0
2026-09-30T06:01:38Z,2026-09-30T11:31:38+0530,999997,1.05,25.4,5710,4497,113,5224,0,76957,0,0,0
2026-09-30T06:01:48Z,2026-09-30T11:31:48+0530,999997,0.96,15.1,5713,4497,113,5223,0,76957,0,0,0
2026-09-30T06:01:59Z,2026-09-30T11:31:59+0530,999997,1.04,14.7,5707,4499,620,5225,0,76957,0,0,0
2026-09-30T06:02:09Z,2026-09-30T11:32:09+0530,999997,1.10,16.5,5712,4497,108,5223,0,76957,0,0,0
2026-09-30T06:02:19Z,2026-09-30T11:32:19+0530,999997,1.23,17.6,5727,4497,101,5224,0,76957,0,0,0
2026-09-30T06:02:29Z,2026-09-30T11:32:29+0530,999997,1.04,14.3,5721,4497,97,5223,0,76957,0,0,0
2026-09-30T06:02:39Z,2026-09-30T11:32:39+0530,999997,1.03,16.9,5721,4497,3425,5238,0,76957,0,0,0
2026-09-30T06:02:49Z,2026-09-30T11:32:49+0530,999997,1.24,18.7,5723,4497,96,5223,0,76957,0,0,0
2026-09-30T06:02:59Z,2026-09-30T11:32:59+0530,999997,1.12,15.3,5722,4497,96,5223,0,76957,0,0,0
2026-09-30T06:03:09Z,2026-09-30T11:33:09+0530,999997,1.17,18.2,5710,4497,99,5224,0,76957,0,0,0
2026-09-30T06:03:19Z,2026-09-30T11:33:19+0530,999997,1.43,14.2,5723,4497,0,5223,0,76957,0,0,0
2026-09-30T06:03:29Z,2026-09-30T11:33:29+0530,999997,1.43,17.8,5728,4499,611,5226,0,76957,0,0,0
2026-09-30T06:03:39Z,2026-09-30T11:33:39+0530,999998,1.68,25.0,5738,4497,355,5226,0,76957,0,0,0
2026-09-30T06:03:49Z,2026-09-30T11:33:49+0530,999999,1.71,11.9,5575,4560,255075,5653,0,76957,0,0,0
2026-09-30T06:03:59Z,2026-09-30T11:33:59+0530,394878,1.76,76.7,2763,2182,197731,2204,0,76957,0,0,0
2026-09-30T06:04:09Z,2026-09-30T11:34:09+0530,82158,1.72,45.9,1510,825,99,407,0,76957,0,0,0
2026-09-30T06:04:20Z,2026-09-30T11:34:20+0530,202679,1.67,44.1,2090,1307,99,988,0,76957,0,0,0
2026-09-30T06:04:30Z,2026-09-30T11:34:30+0530,323235,1.66,44.4,2562,1783,90,1571,0,76957,0,0,0
2026-09-30T06:04:40Z,2026-09-30T11:34:40+0530,443503,1.92,47.3,3002,2263,90,2114,0,76957,0,0,0
2026-09-30T06:04:50Z,2026-09-30T11:34:50+0530,563998,1.85,49.5,3484,2742,87,2683,0,76957,0,0,0
2026-09-30T06:05:00Z,2026-09-30T11:35:00+0530,683404,1.95,54.1,4007,3215,87,3284,0,76957,0,0,0
2026-09-30T06:05:10Z,2026-09-30T11:35:10+0530,800206,2.12,68.6,4530,3683,1623,3908,0,76957,0,0,0
2026-09-30T06:05:20Z,2026-09-30T11:35:20+0530,914076,2.27,62.7,4901,4153,855,4351,0,76957,0,0,0
2026-09-30T06:05:30Z,2026-09-30T11:35:30+0530,924745,2.06,19.7,4976,4195,0,4424,0,76957,0,0,0
2026-09-30T06:05:40Z,2026-09-30T11:35:40+0530,925286,2.15,18.7,5037,4197,87,4476,0,76957,0,0,0
2026-09-30T06:05:50Z,2026-09-30T11:35:50+0530,929545,1.98,20.2,5098,4215,849,4553,0,76957,0,0,0
2026-09-30T06:06:00Z,2026-09-30T11:36:00+0530,959276,1.90,35.2,5201,4333,81,4678,0,76957,0,0,0
2026-09-30T06:06:10Z,2026-09-30T11:36:10+0530,999997,1.77,32.5,5324,4497,337,4832,0,76957,0,0,0
2026-09-30T06:06:20Z,2026-09-30T11:36:20+0530,999997,1.65,20.5,5330,4497,337,4833,0,76957,0,0,0
2026-09-30T06:06:30Z,2026-09-30T11:36:30+0530,999997,1.54,18.8,5342,4501,337,4837,0,76957,0,0,0
2026-09-30T06:06:40Z,2026-09-30T11:36:40+0530,999997,1.39,17.2,5345,4497,81,4834,0,76957,0,0,0
2026-09-30T06:06:50Z,2026-09-30T11:36:50+0530,999997,1.39,16.5,5352,4497,80,4866,0,76957,0,0,0
2026-09-30T06:07:01Z,2026-09-30T11:37:01+0530,999997,1.34,23.3,5399,4498,591,4920,0,76957,0,0,0
2026-09-30T06:07:11Z,2026-09-30T11:37:11+0530,999997,1.59,16.6,5411,4497,0,4919,0,76957,0,0,0
2026-09-30T06:07:21Z,2026-09-30T11:37:21+0530,999997,1.42,16.3,5414,4497,79,4918,0,76957,0,0,0
2026-09-30T06:07:31Z,2026-09-30T11:37:31+0530,999997,1.20,15.0,5399,4498,847,4921,0,76957,0,0,0
2026-09-30T06:07:41Z,2026-09-30T11:37:41+0530,999997,1.09,16.2,5412,4497,335,4920,0,76957,0,0,0
2026-09-30T06:07:51Z,2026-09-30T11:37:51+0530,999997,1.07,17.7,5415,4497,79,4918,0,76957,0,0,0
2026-09-30T06:08:01Z,2026-09-30T11:38:01+0530,999997,0.98,13.9,5401,4499,591,4920,0,76957,0,0,0
2026-09-30T06:08:11Z,2026-09-30T11:38:11+0530,999998,1.35,16.9,5415,4497,79,4919,0,76957,0,0,0
2026-09-30T06:08:21Z,2026-09-30T11:38:21+0530,999998,1.14,17.0,5408,4497,79,4920,0,76957,0,0,0
2026-09-30T06:08:31Z,2026-09-30T11:38:31+0530,999998,1.04,15.0,5439,4498,85,4959,0,76957,0,0,0
2026-09-30T06:08:41Z,2026-09-30T11:38:41+0530,999998,1.19,17.8,5498,4497,85,5013,0,76957,0,0,0
2026-09-30T06:08:51Z,2026-09-30T11:38:51+0530,999998,1.22,27.4,5542,4497,86,5054,0,76957,0,0,0
