t,state,server_conns,loadgen_conns,loadgen_target,cg_memory,cg_anon,cg_sock,cg_kernel,cg_slab,cg_percpu,cg_file,cg_peak,oom_kills,cpu_pct,pids,process_rss,go_heap_inuse,go_stack_inuse,goroutines,open_fds,dial_errors_15s,echo_rate,echo_p50_ms,echo_p99_ms,conntrack,rejected
1790646833.0,running false 0,2450.0,,,24158208,11571200,0,10379264,10007912,4984,0,24420352,0,13.5,11,18857984.0,21340160.0,851968.0,18.0,2465.0,,,,,224,0.0
1790646835.0,running false 0,4520.0,,,34705408,13819904,0,18518016,18151656,4984,0,34709504,0,13.7,11,21086208.0,21118976.0,950272.0,18.0,4535.0,,,,,230,0.0
1790646837.1,running false 0,6592.0,,,47525888,18481152,0,26636288,26250608,4984,0,47525888,0,13.9,11,25673728.0,26664960.0,1048576.0,18.0,6607.0,,,,,243,0.0
1790646839.2,running false 0,8670.0,3154.0,120000.0,58826752,22028288,0,34844672,34453864,4984,0,58982400,0,14.4,11,29343744.0,25387008.0,1048576.0,18.0,8685.0,,,,,249,0.0
1790646841.3,running false 0,10748.0,3154.0,120000.0,67063808,22241280,0,42958848,42573640,4984,0,67330048,0,14.0,11,29605888.0,29278208.0,1048576.0,18.0,10763.0,,,,,240,0.0
1790646843.3,running false 0,12820.0,11136.0,300000.0,80203776,26980352,0,51085312,50671792,4984,0,80277504,0,14.3,11,33931264.0,34652160.0,1048576.0,18.0,12835.0,,17.98464,0.269281045751634,5.9440000000000035,245,0.0
1790646845.4,running false 0,14892.0,12136.0,300000.0,89772032,28639232,0,59187200,58785104,4984,0,90316800,0,15.5,11,36028416.0,31793152.0,1015808.0,17.0,14907.0,,44.97372,0.25219250023051615,5.497180933266427,251,0.0
1790646847.5,running false 0,16968.0,14136.0,300000.0,98136064,28909568,0,67448832,67045304,4984,0,98406400,0,14.3,11,36290560.0,35733504.0,1081344.0,17.0,16983.0,,103.85253333333334,0.27156221420843574,5.33034232974348,257,0.0
1790646849.6,running false 0,19068.0,17136.0,300000.0,112009216,34160640,0,75677696,75258056,4984,0,112250880,0,15.1,11,41271296.0,41533440.0,1081344.0,18.0,19083.0,,171.05768666666665,0.28261658373129966,4.856730699084728,271,0.0
1790646851.6,running false 0,21140.0,18136.0,300000.0,123658240,37941248,4096,83787776,83363064,4984,0,123817984,0,16.2,11,44810240.0,36798464.0,1015808.0,17.0,21155.0,,209.41503333333333,0.2883467426115446,4.811079116292267,277,0.0
1790646853.7,running false 0,23210.0,22136.0,300000.0,132317184,37978112,0,91889664,91468760,4984,0,132317184,0,15.5,11,44810240.0,39821312.0,1048576.0,18.0,23227.0,,274.2586533333333,0.30718651289764765,5.544849960915952,281,0.0
1790646855.8,running false 0,25289.0,22136.0,300000.0,140902400,39010304,0,100020224,99581128,4984,0,141115392,0,15.1,11,46120960.0,45203456.0,1081344.0,20.0,25305.0,,311.43981333333335,0.3075562080453936,5.54765065581121,284,0.0
1790646857.9,running false 0,27360.0,24136.0,300000.0,153477120,43917312,0,108134400,107702688,4984,0,153853952,0,15.5,11,51101696.0,50823168.0,1114112.0,17.0,27375.0,,369.00420888888885,0.3184578356552125,5.890122934645324,287,0.0
1790646859.9,running false 0,29437.0,27136.0,300000.0,167923712,49930240,0,116269056,115821168,4984,0,168005632,0,18.1,11,56999936.0,45473792.0,1048576.0,17.0,29453.0,,443.55873777777776,0.3301115124151318,5.675617546448342,287,0.0
1790646862.0,running false 0,31510.0,28136.0,300000.0,176201728,50229248,0,124379136,123936240,4984,0,176570368,0,16.0,11,57262080.0,48873472.0,1114112.0,18.0,31525.0,,499.15851166666664,0.3357703010580004,5.646878977439883,296,0.0
1790646864.1,running false 0,33582.0,32136.0,300000.0,185438208,50876416,0,132763648,132320464,4984,0,185831424,0,15.9,11,58048512.0,53125120.0,1114112.0,18.0,33597.0,,598.7068840000001,0.35847756998067337,5.695051057443305,301,0.0
1790646866.2,running false 0,35658.0,32136.0,300000.0,193781760,51421184,0,140894208,140439392,4984,0,194248704,0,16.0,11,58572800.0,57769984.0,1146880.0,18.0,35673.0,,648.9652226666667,0.35836100601553916,5.693869048057158,301,0.0
1790646868.2,running false 0,37730.0,36136.0,300000.0,208474112,56696832,0,149004288,148546944,4984,0,208474112,0,16.7,11,63946752.0,63062016.0,1146880.0,18.0,37745.0,,758.6727880000001,0.38185795320811566,5.623955253587256,301,0.0
1790646870.3,running false 0,39802.0,37136.0,300000.0,222306304,63311872,0,157126656,156645656,4984,0,222785536,0,17.0,11,70762496.0,69820416.0,1146880.0,18.0,39817.0,,820.64,0.3979281767955801,5.608214559386963,303,0.0
1790646872.4,running false 0,41878.0,39136.0,300000.0,233406464,65908736,0,165236736,164766112,4984,0,233672704,0,19.4,11,73121792.0,59809792.0,1081344.0,18.0,41893.0,,886.6283786666667,0.4325678457941236,5.681767600054529,306,0.0
1790646874.5,running false 0,43950.0,42136.0,300000.0,241008640,66084864,0,173359104,172877448,4984,0,241545216,0,16.7,11,73252864.0,63258624.0,1114112.0,17.0,43965.0,,987.3199999999999,0.4710425383542538,5.678451612903212,308,0.0
1790646876.5,running false 0,46036.0,42136.0,300000.0,248987648,66166784,0,181510144,181034656,4984,0,249683968,0,17.0,11,73383936.0,66461696.0,1146880.0,18.0,46051.0,,987.3199999999999,0.4710425383542538,5.678451612903212,311,0.0
1790646878.6,running false 0,48110.0,47136.0,300000.0,257830912,66400256,0,189616128,189141616,4984,0,258310144,0,17.4,11,73646080.0,71081984.0,1146880.0,17.0,48125.0,,1154.04,0.5211378383692731,5.269996233521638,316,0.0
1790646880.7,running false 0,50180.0,47136.0,300000.0,270606336,70770688,0,197734400,197255352,4984,0,270848000,0,17.5,11,77971456.0,76447744.0,1146880.0,17.0,50195.0,,1154.04,0.5211378383692731,5.269996233521638,320,0.0
1790646882.8,running false 0,52250.0,49136.0,300000.0,285126656,77062144,0,205848576,205348576,4984,0,285134848,0,17.9,11,84262912.0,82673664.0,1146880.0,18.0,52265.0,,1220.72,0.535335145998345,4.946850356294528,330,0.0
1790646884.8,running false 0,54328.0,52136.0,300000.0,299732992,83546112,0,213979136,213470688,4984,0,299737088,0,18.4,11,90947584.0,89112576.0,1146880.0,17.0,54343.0,,1320.64,0.554596699805268,5.285988657845013,337,0.0
1790646886.9,running false 0,56400.0,53136.0,300000.0,310804480,87404544,0,222109696,221589624,4984,0,311377920,0,20.7,11,94617600.0,77012992.0,1245184.0,17.0,56415.0,,1353.96,0.5611906294883859,5.44911698113207,348,0.0
1790646889.0,running false 0,58470.0,57134.0,300000.0,319213568,87461888,0,230191104,229675920,4984,0,319696896,0,18.5,11,94617600.0,80388096.0,1310720.0,17.0,58485.0,,1487.3200000000002,0.5761346120911116,5.177055928411635,357,0.0
1790646891.1,running false 0,60546.0,57134.0,300000.0,327467008,87523328,0,238317568,237798392,4984,0,327741440,0,18.4,11,94617600.0,83910656.0,1310720.0,29.0,60561.0,,1487.3200000000002,0.5761346120911116,5.177055928411635,363,0.0
1790646893.1,running false 0,62618.0,61134.0,300000.0,335663104,87609344,0,246431744,245907256,4984,0,335822848,0,18.7,11,94617600.0,87154688.0,1310720.0,18.0,62633.0,,1620.68,0.5918555186015934,5.131154285714313,371,0.0
1790646895.2,running false 0,64688.0,62134.0,300000.0,344375296,88305664,0,254529536,254004144,4984,0,344641536,0,19.2,11,95404032.0,92274688.0,1310720.0,17.0,64703.0,,1654.0,0.5965559932470457,5.16725978647689,371,0.0
1790646897.3,running false 0,66766.0,63134.0,300000.0,357154816,92250112,0,263204864,262675432,4984,0,357416960,0,18.9,11,99467264.0,96952320.0,1310720.0,17.0,66781.0,,1687.3600000000001,0.5992280830729646,5.139985130111518,372,0.0
1790646899.3,running false 0,68838.0,67132.0,300000.0,371650560,98447360,0,271331328,270789464,4984,0,371650560,0,19.1,11,105627648.0,103186432.0,1310720.0,18.0,68853.0,,1820.6000000000001,0.6165418163160596,5.570526315789465,375,0.0
1790646901.4,running false 0,70910.0,67132.0,300000.0,386715648,105267200,0,279457792,278898728,4984,0,386715648,0,20.0,11,112443392.0,110018560.0,1343488.0,18.0,70925.0,,1820.6000000000001,0.6165418163160596,5.570526315789465,380,0.0
1790646903.5,running false 0,72988.0,72134.0,300000.0,401043456,111218688,0,287604736,287037032,4984,0,401563648,0,23.2,11,118603776.0,94789632.0,884736.0,17.0,73003.0,,1987.2800000000002,0.6393685441434419,6.393804255319156,377,0.0
1790646905.6,running false 0,75078.0,72134.0,300000.0,409272320,111276032,0,295772160,295197168,4984,0,409317376,0,20.7,11,118734848.0,97984512.0,917504.0,17.0,75093.0,,1987.2800000000002,0.6393685441434419,6.393804255319156,337,0.0
1790646907.7,running false 0,77156.0,74134.0,300000.0,416391168,111329280,0,303906816,303344664,4984,0,417202176,0,20.8,11,118865920.0,100622336.0,950272.0,18.0,77171.0,,2053.92,0.6516710599108334,6.23350578338591,344,0.0
1790646909.7,running false 0,79228.0,77134.0,300000.0,424468480,111386624,0,312008704,311444648,4984,0,425082880,0,21.6,11,118996992.0,103497728.0,950272.0,17.0,79243.0,,2153.96,0.6735326906682406,6.379817298347886,351,0.0
1790646911.8,running false 0,81300.0,78134.0,300000.0,433557504,112046080,0,320110592,319542128,4984,0,434360320,0,21.1,11,119652352.0,107298816.0,950272.0,18.0,81315.0,,2187.32,0.6820115798180314,6.254775956284162,357,0.0
1790646913.9,running false 0,83378.0,82134.0,300000.0,442224640,112177152,0,328245248,327672984,4984,0,442228736,0,21.3,11,119652352.0,111722496.0,950272.0,18.0,83393.0,,2320.56,0.7174765210289915,6.038813529921926,369,0.0
1790646916.0,running false 0,85448.0,82134.0,300000.0,450367488,112590848,0,336347136,335781480,4984,0,450797568,0,21.5,11,119652352.0,116383744.0,950272.0,17.0,85463.0,,2320.56,0.7174765210289915,6.038813529921926,375,0.0
1790646918.0,running false 0,87526.0,86134.0,300000.0,463822848,117858304,0,344477696,343906424,4984,0,464805888,0,22.4,11,125026304.0,121774080.0,950272.0,17.0,87541.0,,2453.96,0.7597658062903859,6.240544570502423,386,0.0
1790646920.1,running false 0,89598.0,87134.0,300000.0,479440896,125104128,0,352612352,352014088,4984,0,479772672,0,21.9,11,132104192.0,129212416.0,950272.0,17.0,89615.0,,2487.28,0.7696500018022565,6.371301972685888,390,0.0
1790646922.2,running false 0,91676.0,88134.0,300000.0,494305280,131637248,0,360747008,360137344,4984,0,494305280,0,22.0,11,139051008.0,135512064.0,950272.0,17.0,91691.0,,2520.6,0.784438061570187,6.938139534883687,392,0.0
1790646924.3,running false 0,93750.0,92134.0,300000.0,508358656,138276864,0,368869376,368247704,4984,0,508534784,0,22.5,11,145473536.0,142114816.0,917504.0,18.0,93765.0,,2653.96,0.8666909596846326,6.942984827586193,394,0.0
1790646926.3,running false 0,95826.0,92134.0,300000.0,520151040,141942784,0,376889344,376262160,4984,0,520671232,0,26.9,11,149274624.0,121069568.0,1343488.0,18.0,95841.0,,2653.96,0.8666909596846326,6.942984827586193,399,0.0
1790646928.4,running false 0,97898.0,97134.0,300000.0,528826368,141991936,0,384921600,384296056,4984,0,528826368,0,21.1,11,149274624.0,123977728.0,1441792.0,18.0,97913.0,,2820.56,0.9524429601773636,9.37950278293129,402,0.0
1790646930.5,running false 0,99970.0,97134.0,300000.0,536674304,142041088,0,393203712,392581656,4984,0,537231360,0,21.4,11,149274624.0,126984192.0,1441792.0,19.0,99985.0,,2820.56,0.9524429601773636,9.379502782931326,408,0.0
1790646932.6,running false 0,102046.0,99134.0,300000.0,545730560,142852096,28672,401338368,400709856,4984,0,546480128,0,21.7,11,150061056.0,130646016.0,1441792.0,18.0,102061.0,,2887.24,0.9706082725060826,10.074436781609148,415,0.0
1790646934.6,running false 0,104130.0,102134.0,300000.0,554119168,142901248,0,409489408,408866104,4984,0,554233856,0,22.6,11,150061056.0,133808128.0,1441792.0,17.0,104147.0,,2987.28,0.9974625374625375,10.156919786096267,422,0.0
1790646936.7,running false 0,106208.0,103134.0,300000.0,562114560,142958592,0,417607680,416981520,4984,0,562450432,0,22.0,11,150192128.0,137117696.0,1474560.0,17.0,106223.0,,3020.6,1.0080949437507727,10.237749360613781,430,0.0
1790646938.8,running false 0,108278.0,107134.0,300000.0,570351616,143142912,0,425717760,425084448,4984,0,570851328,0,21.8,11,150192128.0,141647872.0,1474560.0,17.0,108293.0,,3153.96,1.0388733674048838,10.220088019559883,442,0.0
1790646940.9,running false 0,110360.0,107134.0,300000.0,579747840,144289792,0,433852416,433229856,4984,0,580571136,0,22.9,11,151633920.0,146726912.0,1474560.0,18.0,110375.0,,3153.96,1.0388733674048838,10.220088019559883,449,0.0
1790646943.0,running false 0,112444.0,111134.0,300000.0,594456576,151162880,0,442007552,441367424,4984,0,594526208,0,23.0,11,158449664.0,153878528.0,1474560.0,70.0,112461.0,,3287.2,1.0682941201229008,10.45525118984664,454,0.0
1790646945.0,running false 0,114520.0,112134.0,300000.0,610045952,158584832,0,450158592,449500016,4984,0,611012608,0,23.4,11,165920768.0,161120256.0,1474560.0,17.0,114535.0,,3320.56,1.076372903650115,10.692298731798935,465,0.0
1790646947.1,running false 0,116596.0,113134.0,300000.0,626098176,166047744,0,458309632,457631480,4984,0,626372608,0,23.2,11,173391872.0,168329216.0,1540096.0,17.0,116611.0,,3353.88,1.0841471843870707,10.624337326305707,478,0.0
1790646949.2,running false 0,118676.0,117134.0,300000.0,640786432,173494272,0,466440192,465756288,4984,0,641744896,0,23.8,11,180731904.0,175603712.0,1540096.0,17.0,118691.0,,3487.28,1.105324371271052,10.471866797257604,482,0.0
1790646951.3,running false 0,120758.0,117134.0,300000.0,654323712,178270208,0,474599424,473904088,4984,0,654856192,0,31.1,11,185450496.0,150986752.0,1605632.0,17.0,120773.0,,3487.28,1.105324371271052,10.471866797257604,495,0.0
1790646953.3,running false 0,122834.0,121134.0,300000.0,662454272,178331648,0,482709504,482011848,4984,0,663265280,0,23.1,11,185450496.0,153706496.0,1638400.0,18.0,122849.0,,3620.6,1.1276447849061957,11.306510492923362,505,0.0
1790646955.4,running false 0,124908.0,122134.0,300000.0,670846976,178393088,0,490844160,490152088,4984,0,671117312,0,23.6,11,185581568.0,156598272.0,1638400.0,17.0,124923.0,,3653.92,1.1308451906163466,11.377653362493136,505,0.0
1790646957.5,running false 0,126979.0,124134.0,300000.0,679137280,178450432,0,498941952,498246048,4984,0,679231488,0,23.5,11,185581568.0,159293440.0,1671168.0,19.0,126995.0,,3720.6,1.14463173571622,11.260397953382572,506,0.0
1790646959.6,running false 0,129057.0,127134.0,300000.0,688377856,179453952,0,507068416,506374528,4984,0,688594944,0,24.0,11,186761216.0,163692544.0,1671168.0,18.0,129073.0,,3820.56,1.1588719611021068,11.135405687753876,508,0.0
1790646961.7,running false 0,131148.0,128134.0,300000.0,697278464,179507200,0,516370432,515670232,4984,0,698580992,0,23.7,11,186761216.0,166682624.0,1671168.0,18.0,131163.0,,3853.88,1.1624791372448326,11.272066945606698,519,0.0
1790646963.7,running false 0,133224.0,132134.0,300000.0,705978368,179556352,0,524480512,523779000,4984,0,706158592,0,24.4,11,187023360.0,169910272.0,1671168.0,18.0,133239.0,,3987.2400000000002,1.1799040723428955,11.36924509356458,519,0.0
1790646965.8,running false 0,135298.0,132134.0,300000.0,713367552,179806208,0,532598784,531907112,4984,0,714448896,0,24.9,11,187023360.0,174137344.0,1671168.0,18.0,135313.0,,3987.2400000000002,1.1799040723428955,11.36924509356458,480,0.0
1790646967.9,running false 0,137368.0,134134.0,300000.0,722669568,179920896,0,540704768,540009688,4984,0,722870272,0,24.9,11,187023360.0,178839552.0,1671168.0,17.0,137383.0,,4053.88,1.1896251693511968,11.397400259627888,483,0.0
1790646970.0,running false 0,139441.0,137134.0,300000.0,732884992,182947840,12288,548802560,548092680,4984,0,733151232,0,24.4,11,190038016.0,183910400.0,1671168.0,51.0,139460.0,,4153.92,1.2004391422088854,11.578206896551702,488,0.0
1790646972.0,running false 0,141516.0,138134.0,300000.0,748826624,190459904,0,556978176,556239048,4984,0,749678592,0,25.1,12,197640192.0,191627264.0,1703936.0,18.0,141531.0,,4187.1430171172615,1.206144895332873,11.764649004858462,496,0.0
1790646974.1,running false 0,143589.0,142132.0,300000.0,764674048,197890048,0,565096448,564348752,4984,0,765210624,0,25.6,12,205242368.0,198877184.0,1802240.0,66.0,143607.0,,4320.423017117261,1.2203837824409525,11.862083833699192,500,0.0
1790646976.2,running false 0,145666.0,142132.0,300000.0,779927552,205062144,0,573255680,572482888,4984,0,779927552,0,26.0,12,212320256.0,205733888.0,1802240.0,18.0,145681.0,,4320.423017117261,1.2203837824409525,11.862083833699192,502,0.0
1790646978.3,running false 0,147736.0,146132.0,300000.0,795557888,212307968,102400,581365760,580585176,4984,0,795561984,0,25.4,12,219660288.0,212951040.0,1802240.0,56.0,147761.0,,4453.92,1.2357800175284839,11.544201996476792,499,0.0
1790646980.3,running false 0,149826.0,147132.0,300000.0,810647552,219791360,0,589541376,588747928,4984,0,811151360,0,26.9,12,227131392.0,220102656.0,1802240.0,17.0,149841.0,,4487.24,1.2441491828772544,11.5965550767109,485,0.0
1790646982.4,running false 0,151898.0,149132.0,300000.0,825114624,225644544,0,597676032,596865464,4984,0,825274368,0,34.5,12,232767488.0,189767680.0,2195456.0,18.0,151915.0,,4553.88,1.2508830870943803,11.850932197838182,481,0.0
1790646984.5,running false 0,153976.0,152132.0,300000.0,833396736,225718272,0,605798400,604987280,4984,0,833400832,0,26.3,12,232898560.0,192872448.0,2260992.0,18.0,153991.0,,4653.88,1.267209557740216,12.280349827387797,491,0.0
1790646986.6,running false 0,156056.0,152132.0,300000.0,841711616,225767424,0,613924864,613118984,4984,0,841785344,0,26.5,12,233029632.0,195608576.0,2260992.0,18.0,156071.0,,4653.88,1.267209557740216,12.280349827387797,491,0.0
1790646988.7,running false 0,158144.0,157132.0,300000.0,848957440,225816576,8192,622080000,621278832,4984,0,850034688,0,26.1,12,233029632.0,198262784.0,2260992.0,33.0,158159.0,,4820.5599999999995,1.2843470658088763,12.35096216216214,495,0.0
1790646990.7,running false 0,160216.0,157132.0,300000.0,859254784,227078144,0,630206464,629401648,4984,0,859463680,0,27.3,12,234209280.0,202571776.0,2293760.0,18.0,160231.0,,4820.5599999999995,1.2843470658088763,12.35096216216214,500,0.0
1790646992.8,running false 0,162286.0,159132.0,300000.0,867061760,227123200,0,638304256,637501536,4984,0,867577856,0,30.7,12,234209280.0,205430784.0,2293760.0,36.0,162301.0,,4887.2,1.2919696302246637,12.367412982126055,502,0.0
1790646994.9,running false 0,164394.0,162126.0,300000.0,875094016,227184640,0,646569984,645746848,4984,0,875843584,0,33.5,13,234340352.0,208510976.0,2326528.0,18.0,164409.0,,4987.2,1.3223880990341665,12.390500490677123,490,0.0
1790646997.0,running false 0,166490.0,163118.0,300000.0,883654656,227233792,0,654770176,653949032,4984,0,884064256,0,33.9,13,234602496.0,211460096.0,2359296.0,18.0,166505.0,,5020.683693390943,1.3289183845880965,12.434197869301961,482,0.0
1790646999.2,running false 0,168612.0,167087.0,300000.0,892440576,227360768,0,663080960,662259256,4984,0,892497920,0,34.5,13,234602496.0,215605248.0,2359296.0,18.0,168627.0,,5153.923693390943,1.432833411888253,17.235647644589346,472,0.0
1790647001.3,running false 0,170762.0,167087.0,300000.0,900681728,227520512,0,671473664,670649400,4984,0,901238784,0,35.0,13,234602496.0,220004352.0,2359296.0,18.0,170778.0,,5153.923693390943,1.432833411888253,17.235647644589346,476,0.0
1790647003.5,running false 0,172892.0,172055.0,300000.0,908902400,227753984,0,679837696,679002904,4984,0,909783040,0,35.0,14,235126784.0,224976896.0,2392064.0,18.0,172907.0,,5320.120000000001,1.6242290870079503,22.688577443609095,487,0.0
1790647005.6,running false 0,174996.0,172055.0,300000.0,921944064,231829504,0,688054272,687206248,4984,0,921944064,0,35.3,14,239190016.0,230244352.0,2424832.0,48.0,175011.0,,5320.120000000001,1.6242290870079503,22.688577443609095,499,0.0
1790647007.9,running false 0,177297.0,175996.0,300000.0,938905600,239685632,0,697090048,696229240,4984,0,938909696,0,46.6,14,246792192.0,209698816.0,2621440.0,123.0,177313.0,,5452.92,2.1240671779821945,36.069010101010235,508,0.0
1790647010.2,running false 0,179491.0,176990.0,300000.0,947032064,239804416,0,705671168,704811232,4984,0,947773440,0,35.8,14,245096448.0,213000192.0,2654208.0,40.0,179506.0,,5486.120000000001,2.224422248335292,38.65267344632789,513,0.0
1790647012.3,running false 0,181660.0,178979.0,300000.0,944508928,228134912,217088,714031104,713168720,4984,0,949800960,0,42.7,14,235880448.0,215744512.0,2850816.0,207.0,181675.0,,5552.280000000001,2.4191691505216095,41.1543505346353,512,0.0
1790647014.6,running false 0,183870.0,181963.0,300000.0,939442176,216141824,32768,722726912,721862320,4984,0,949800960,0,60.4,14,223719424.0,211738624.0,1703936.0,24.0,183931.0,,5651.68,2.7791971951274332,45.40592913616397,506,0.0
1790647017.1,running false 0,186368.0,182935.0,300000.0,946601984,212275200,8192,732573696,731706976,4984,0,949800960,0,86.6,14,219521024.0,210305024.0,1966080.0,25.0,186389.0,,5684.72,2.883310369751316,63.01812658227873,502,0.0
1790647019.4,running false 0,188645.0,186897.0,300000.0,957284352,214257664,327680,741289984,740428872,4984,0,957730816,0,98.4,14,221945856.0,211468288.0,2818048.0,20.0,188663.0,,5816.158861346554,3.9668665074216856,201.0845098183876,499,0.0
1790647021.5,running false 0,190813.0,186897.0,300000.0,965410816,213807104,1044480,749727744,748869800,4984,0,966332416,0,96.1,14,222162944.0,210763776.0,3801088.0,129.0,190834.0,,5816.158861346554,3.9668665074216856,204.0131992486727,492,0.0
1790647024.1,running false 0,190890.0,190884.0,300000.0,967577600,214949888,217088,750329856,749463896,4984,0,969105408,0,94.8,14,222445568.0,212205568.0,2621440.0,46.0,190907.0,,5980.817389913211,5.764724196238075,199.3311588662336,494,2387.0
1790647026.4,running false 0,190890.0,190884.0,300000.0,966918144,214953984,8192,750325760,749458384,4984,0,969342976,0,92.5,14,222384128.0,211230720.0,3407872.0,18.0,190908.0,,5980.817389913211,5.764724196238075,199.3311588662336,469,4663.0
1790647028.7,running false 0,190890.0,190890.0,300000.0,966828032,214740992,12288,750440448,749573984,4984,0,970133504,0,90.9,14,221937664.0,211820544.0,2719744.0,17.0,190919.0,5572.017120905517,6122.294909105501,9.889379116517782,197.85382187025576,484,6934.0
1790647031.1,running false 0,190890.0,190890.0,300000.0,967462912,215490560,0,750600192,749741632,4984,0,971591680,0,81.4,14,222965760.0,212926464.0,2228224.0,105.0,190947.0,7436.176032234857,6122.294909105501,9.889379116517782,197.8538218702548,484,9180.0
1790647033.3,running false 0,190890.0,190890.0,300000.0,967561216,216150016,0,750342144,749475872,4984,0,971591680,0,91.6,14,223420416.0,212484096.0,3538944.0,78.0,190917.0,10876.005548963318,6207.288007675088,13.817054472299596,197.89794778277113,485,11374.0
1790647035.6,running false 0,190890.0,190890.0,300000.0,966746112,214568960,155648,750526464,749666320,4984,0,971591680,0,88.9,14,222081024.0,212746240.0,1572864.0,224.0,190942.0,12980.12115199362,6228.168007675088,15.050234064100922,198.03143699610288,486,13533.0
1790647037.9,running false 0,190890.0,190890.0,300000.0,967671808,215834624,36864,750370816,749507416,4984,0,971591680,0,89.2,14,223248384.0,211730432.0,3768320.0,18.0,190909.0,14590.5,6276.96,19.145915015365052,197.7223631941864,475,15860.0
1790647040.1,running false 0,190890.0,190890.0,300000.0,968122368,214700032,1056768,750538752,749676592,4984,0,971591680,0,92.7,14,222089216.0,212623360.0,1998848.0,172.0,190938.0,14578.697973961967,6308.267066586683,20.037075500337746,197.65017046238367,470,18023.0
1790647042.4,running false 0,190890.0,190890.0,300000.0,966316032,213929984,245760,750399488,749519688,4984,0,971591680,0,90.5,15,221765632.0,211525632.0,2293760.0,127.0,190948.0,14646.1640178933,6325.442848399048,19.942389153088993,169.88057783101286,471,20291.0
1790647044.7,running false 0,190890.0,190890.0,300000.0,968466432,216211456,0,750407680,749522408,4984,0,973336576,0,88.0,15,223776768.0,213049344.0,3178496.0,19.0,190926.0,14699.073061825966,6338.474097205906,19.972445027568746,101.45131939243085,468,22572.0
1790647047.0,running false 0,190890.0,190890.0,300000.0,966696960,214659072,225280,750592000,749711728,4984,0,973336576,0,88.9,15,222216192.0,212082688.0,2392064.0,20.0,190918.0,14680.835081056735,6342.026712319721,20.108203995154366,101.60627928555449,462,24787.0
1790647049.2,running false 0,190890.0,190890.0,300000.0,970919936,218796032,225280,750395392,749520568,4984,0,973336576,0,89.3,15,226447360.0,214220800.0,3964928.0,65.0,190926.0,14702.071298595414,6357.159748657788,20.30059057179529,121.98783012965464,457,27023.0
1790647051.6,running false 0,190890.0,190890.0,300000.0,968806400,215961600,602112,750551040,749669592,4984,0,973336576,0,87.0,15,223641600.0,211918848.0,3866624.0,140.0,190940.0,14702.071298595414,6357.159748657788,20.30059057179529,121.98783012965464,454,29298.0
1790647053.9,running false 0,190890.0,190890.0,300000.0,967258112,215015424,131072,750616576,749736576,4984,0,973336576,0,85.2,15,222564352.0,213336064.0,1867776.0,207.0,190998.0,14785.470787832164,6354.13054714795,21.336471055202864,136.5872243236142,535,31582.0
1790647056.3,running false 0,190890.0,190890.0,300000.0,967901184,214597632,802816,750559232,749677960,4984,0,973336576,0,84.7,15,222605312.0,211632128.0,3440640.0,469.0,190950.0,14785.470787832164,6354.13054714795,21.336471055202864,136.5872243236142,536,33925.0
1790647058.6,running false 0,190890.0,190890.0,300000.0,965885952,214003712,8192,750440448,749565552,4984,0,973336576,0,87.0,15,221663232.0,212303872.0,1507328.0,66.0,190933.0,14697.887216164849,6360.216496958053,21.439084638055924,132.5497256678449,524,36200.0
1790647061.1,running false 0,190890.0,190890.0,300000.0,968564736,216236032,196608,750387200,749506264,4984,0,973336576,0,82.9,15,223752192.0,213237760.0,2686976.0,122.0,190915.0,14697.88721616485,6360.216496958053,21.439084638055924,132.54972566784383,524,38628.0
1790647063.4,running false 0,190890.0,190890.0,300000.0,969027584,216711168,4096,750485504,749607808,4984,0,973336576,0,83.8,15,224239616.0,212320256.0,4128768.0,25.0,190936.0,14682.195656312255,6361.875225047287,22.459112296303775,132.9986552916068,516,40894.0
1790647065.7,running false 0,190890.0,190890.0,300000.0,970002432,217378816,176128,750424064,749544160,4984,0,973336576,0,85.7,15,224030720.0,213286912.0,2981888.0,108.0,190927.0,14682.195656312255,6361.875225047287,22.459112296303775,132.9986552916068,520,43113.0
1790647068.2,running false 0,190890.0,190890.0,300000.0,970788864,218005504,57344,750718976,749837064,4984,0,973336576,0,77.3,15,225415168.0,212795392.0,5111808.0,17.0,190985.0,14695.820080846072,6376.538084953204,23.64695593004179,149.41865177175762,518,45478.0
1790647070.4,running false 0,190890.0,190890.0,300000.0,971292672,219271168,389120,750465024,749590144,4984,0,977555456,0,72.6,15,226766848.0,215531520.0,3145728.0,20.0,190932.0,14629.505770602476,6371.083734313805,23.955185531389674,147.32182001402032,520,47497.0
1790647072.8,running false 0,190890.0,190890.0,300000.0,970108928,217763840,8192,750481408,749601128,4984,0,977555456,0,75.8,15,225402880.0,213123072.0,4489216.0,207.0,190967.0,14464.422051134574,6371.669449170833,25.244301376331823,185.23655259992077,526,49759.0
1790647075.5,running false 0,190890.0,190890.0,300000.0,968355840,215941120,86016,750567424,749689600,4984,0,977555456,0,78.6,15,223346688.0,214040576.0,1638400.0,261.0,190931.0,14168.343325516566,6364.258517193309,28.468073048565977,252.03855475800214,533,52254.0
1790647077.9,running false 0,190890.0,190890.0,300000.0,969838592,216354816,1536000,750514176,749630744,4984,0,977555456,0,80.1,15,223797248.0,214106112.0,2162688.0,106.0,190963.0,14083.388396550556,6361.87280233628,29.80272021521632,252.10551051236095,532,54572.0
1790647080.4,running false 0,190890.0,190890.0,300000.0,972455936,220020736,192512,750411776,749530720,4984,0,977555456,0,75.2,15,227704832.0,214663168.0,4882432.0,309.0,190983.0,14099.011941384564,6366.571985466529,31.356724885972813,251.98509989682066,531,56961.0
1790647082.9,running false 0,190890.0,190890.0,300000.0,969392128,217542656,397312,750432256,749554232,4984,0,977555456,0,80.2,15,225255424.0,213057536.0,4423680.0,260.0,190959.0,14173.076876784256,6360.484659945591,34.327152864539535,258.78701587995437,513,59315.0
1790647085.4,running false 0,190890.0,190890.0,300000.0,973357056,220254208,753664,750497792,749610568,4984,0,977555456,0,79.7,15,227586048.0,215072768.0,5111808.0,93.0,190914.0,14177.907703851926,6354.2,35.091015817361665,258.93265054527956,473,61662.0
1790647087.8,running false 0,190890.0,190890.0,300000.0,970649600,218005504,57344,750600192,749725456,4984,0,977555456,0,79.7,15,225353728.0,213704704.0,4161536.0,20.0,190927.0,14118.096772969206,6350.567029538838,35.82821255585161,260.0967186421863,436,63931.0
1790647090.4,running false 0,190890.0,190890.0,300000.0,974114816,220934144,413696,750555136,749670192,4984,0,977555456,0,73.6,15,228212736.0,214843392.0,5865472.0,113.0,190933.0,14115.90342707141,6350.748741722452,35.98968385367204,260.0769705810594,444,66340.0
1790647092.8,running false 0,190890.0,190890.0,300000.0,970608640,218411008,4096,750440448,749560712,4984,0,977555456,0,82.3,15,225861632.0,216055808.0,2260992.0,324.0,190949.0,14155.730997382288,6348.600956492359,38.09411613434581,266.63203544643324,441,68667.0
1790647095.4,running false 0,190890.0,190890.0,300000.0,970305536,217620480,57344,750379008,749500896,4984,0,977555456,0,79.3,15,225472512.0,215449600.0,1998848.0,41.0,190924.0,14137.5,6355.945191493806,38.99589123683211,266.2779786373598,443,71130.0
1790647097.7,running false 0,190890.0,190890.0,300000.0,968306688,216096768,61440,750526464,749647888,4984,0,977555456,0,75.8,15,223703040.0,214228992.0,1638400.0,18.0,190947.0,14130.752325870417,6355.534106661173,38.52441721787383,203.97654616300701,447,73333.0
1790647100.2,running false 0,190890.0,190890.0,300000.0,971128832,217600000,602112,751104000,750226480,4984,0,977555456,0,75.8,15,225468416.0,214360064.0,3145728.0,264.0,191036.0,14128.31763893303,6349.255400780048,37.34185913368825,192.62187612539162,451,75738.0
1790647102.7,running false 0,190890.0,190890.0,300000.0,968728576,215900160,495616,750592000,749714168,4984,0,977555456,0,84.0,15,223744000.0,213712896.0,2031616.0,469.0,191001.0,14250.926968400478,6349.2376576684765,37.361488316868794,194.4561690041963,444,78145.0
1790647105.3,running false 0,190890.0,190890.0,300000.0,970297344,217714688,135168,750579712,749699560,4984,0,977555456,0,79.3,15,225501184.0,214548480.0,2981888.0,171.0,190966.0,14291.773214531317,6352.715446770099,37.694302542267245,197.36823643444308,435,80568.0
1790647107.8,running false 0,190890.0,190890.0,300000.0,969129984,216653824,49152,750534656,749655112,4984,0,977555456,0,81.7,15,223719424.0,212860928.0,2916352.0,87.0,190938.0,14337.911559193451,6353.758883020299,38.160220230816776,198.2823064577882,426,82958.0
1790647110.3,running false 0,190890.0,190890.0,300000.0,970706944,218767360,0,750481408,749603040,4984,0,977555456,0,77.0,15,226250752.0,213671936.0,4784128.0,45.0,190953.0,14368.08944001569,6364.817892968563,38.87908487105656,199.31461352636055,420,85354.0
1790647112.8,running false 0,190890.0,190890.0,300000.0,968425472,215035904,602112,750649344,749762416,4984,0,977555456,0,80.6,15,222445568.0,213180416.0,1802240.0,58.0,190957.0,14318.232897398644,6362.264783964077,39.47192149581245,199.32098989457424,419,87739.0
1790647115.2,running false 0,190890.0,190890.0,300000.0,971943936,220151808,208896,750436352,749556808,4984,0,977555456,0,72.9,15,227397632.0,214556672.0,5373952.0,234.0,190959.0,14331.096400915192,6353.28245554886,40.49775103193242,199.60769641490222,421,90148.0
1790647117.6,running false 0,190890.0,190890.0,300000.0,972898304,220684288,573440,750489600,749611840,4984,0,977555456,0,76.9,15,228282368.0,213352448.0,6914048.0,95.0,190997.0,14376.798405347512,6354.7521283031465,40.37514981764912,201.23468153421365,419,92327.0
1790647120.2,running false 0,190890.0,190890.0,300000.0,970575872,217968640,626688,750637056,749748784,4984,0,977555456,0,80.1,15,225583104.0,215212032.0,2555904.0,162.0,190935.0,14415.703393093623,6364.451392370365,39.93594293322151,203.81363729943064,418,94836.0
1790647122.6,running false 0,190890.0,190890.0,300000.0,969617408,217600000,98304,750415872,749532720,4984,0,977555456,0,84.3,15,225288192.0,213082112.0,4358144.0,23.0,190927.0,14344.914902792592,6361.240471491991,39.304701775944864,203.69376277984395,423,97086.0
1790647125.0,running false 0,190890.0,190890.0,300000.0,970932224,216686592,1703936,750551040,749671440,4984,0,977555456,0,84.9,15,224428032.0,214573056.0,1802240.0,55.0,190960.0,14377.763495428591,6359.0661150791975,39.20281197817524,202.50800075097442,425,99462.0
1790647127.4,running false 0,190890.0,190890.0,300000.0,970727424,217903104,659456,750534656,749641048,4984,0,977555456,0,87.1,16,225296384.0,213245952.0,4358144.0,62.0,190933.0,14359.483157933937,6362.215332641267,39.0302481399599,201.22338825139875,421,101789.0
1790647129.8,running false 0,190890.0,190890.0,300000.0,970379264,218271744,106496,750428160,749534368,4984,0,977555456,0,77.9,16,225267712.0,213860352.0,3768320.0,57.0,190924.0,14322.006502980277,6358.294069463998,38.58834107528926,199.28345663041358,425,103979.0
1790647132.3,running false 0,,190890.0,300000.0,969494528,217468928,397312,750374912,749480104,4984,0,977555456,0,79.7,16,,,,,,13810.27146453776,6361.317744672197,36.50735410308972,197.85289339019684,427,
1790647137.4,running false 0,,190890.0,300000.0,963067904,211390464,532480,750317568,749423000,4984,0,977555456,0,95.1,16,,,,,,8437.923423423423,6381.186745618948,32.98107091669448,196.31913379535416,421,
1790647142.5,running false 0,190890.0,190890.0,300000.0,965931008,213549056,167936,750350336,749456000,4984,0,977555456,0,99.4,16,221052928.0,210124800.0,3112960.0,22.0,190906.0,5917.554610922184,6379.3502469791665,31.53359430222688,192.01235198517824,419,108061.0
1790647144.7,running false 0,190890.0,190890.0,300000.0,966791168,215093248,237568,750473216,749577216,4984,0,977555456,0,88.4,16,222670848.0,213360640.0,2195456.0,87.0,190997.0,2860.9177561802876,6361.828976417225,29.28971979168199,177.84016905729823,424,109784.0
1790647147.3,running false 0,190890.0,190890.0,300000.0,968704000,216727552,45056,750485504,749591576,4984,0,977555456,0,81.8,16,223928320.0,214507520.0,2162688.0,81.0,190912.0,5185.915431709901,6364.380133716956,28.76159561652356,179.07088312697442,423,112294.0
1790647149.8,running false 0,190890.0,190890.0,300000.0,972718080,220020736,57344,750632960,749731760,4984,0,977555456,0,85.1,16,227737600.0,214925312.0,4947968.0,139.0,190940.0,8704.699777160999,6378.866231208342,28.447853445085364,182.9524493232968,411,114997.0
1790647152.2,running false 0,,190890.0,300000.0,968687616,216428544,32768,750415872,749518072,4984,0,977555456,0,84.4,16,,,,,,14538.413928227033,6370.552731433781,27.765039353048493,184.131975394025,403,
1790647157.3,running false 0,190890.0,190890.0,300000.0,965283840,213221376,561152,750444544,749547504,4984,0,977555456,0,91.9,16,220704768.0,211156992.0,1769472.0,79.0,190942.0,13767.535908186954,6370.2256688388425,26.16196685157309,179.35877347047997,402,120417.0
1790647159.6,running false 0,190890.0,190890.0,300000.0,967270400,215203840,40960,750424064,749526464,4984,0,977555456,0,97.2,16,222777344.0,212230144.0,3014656.0,27.0,190916.0,12089.47617443771,6369.5458391917955,24.118901831400994,167.19352123040608,401,122216.0
1790647161.7,running false 0,190890.0,190890.0,300000.0,968081408,215105536,757760,750436352,749538744,4984,0,977555456,0,92.0,16,222547968.0,211230720.0,3571712.0,31.0,190934.0,11993.381431283604,6369.240709222988,23.93350592920968,167.14591937039856,402,123933.0
1790647163.9,running false 0,190890.0,190890.0,300000.0,967258112,214810624,12288,750460928,749564176,4984,0,977555456,0,88.1,16,222457856.0,212885504.0,1769472.0,19.0,190919.0,11492.1890583528,6358.574870031192,23.374246580717983,171.5734708086804,407,125712.0
1790647166.3,running false 0,190890.0,190890.0,300000.0,967028736,215158784,12288,750387200,749489088,4984,0,977555456,0,82.6,16,222535680.0,213295104.0,1802240.0,310.0,190924.0,11492.1890583528,6358.574870031192,23.374246580717983,171.5734708086804,402,127800.0
1790647168.6,running false 0,190890.0,190890.0,300000.0,971001856,218636288,196608,750497792,749600448,4984,0,977555456,0,78.7,16,224415744.0,213254144.0,3407872.0,215.0,190939.0,13415.363880400571,6354.960656869382,24.40569025795547,179.58335028695066,383,131882.0
1790647173.1,running false 0,190890.0,190890.0,300000.0,966922240,214601728,40960,750436352,749539416,4984,0,977555456,0,83.0,16,222261248.0,212197376.0,2162688.0,153.0,190940.0,14395.919888409953,6348.273119632728,24.646333074971334,186.4941045005926,382,134278.0
1790647175.5,running false 0,190890.0,190890.0,300000.0,970190848,217243648,753664,750518272,749621632,4984,0,977555456,0,80.2,16,224813056.0,213229568.0,3768320.0,63.0,190927.0,14490.705317152708,6355.101194448941,24.66943678742561,184.99929904304207,379,136744.0
1790647177.8,running false 0,190890.0,190890.0,300000.0,967122944,214147072,487424,750608384,749713120,4984,0,977555456,0,85.3,16,221827072.0,212082688.0,1671168.0,41.0,190969.0,14863.856474945216,6354.265095619303,24.513444494183883,184.83954102252008,370,138930.0
1790647180.2,running false 0,,190890.0,300000.0,971173888,216444928,1716224,750866432,749970144,4984,0,977555456,0,76.6,16,,,,,,14451.643524144069,6363.418155435079,28.676686170577014,198.40009821921183,366,
1790647185.5,running false 0,190890.0,190890.0,300000.0,966598656,214630400,40960,750534656,749633816,4984,0,977555456,0,83.7,16,221978624.0,212549632.0,2031616.0,85.0,190942.0,14106.306421882711,6368.458155435079,30.27793931733117,199.94229157686257,362,145459.0
1790647187.8,running false 0,190890.0,190890.0,300000.0,966569984,214466560,20480,750432256,749531168,4984,0,977555456,0,85.7,16,222212096.0,212574208.0,1769472.0,19.0,190916.0,13727.179257442129,6367.051029311951,31.563573074929714,199.90438497010004,370,147401.0
1790647190.0,running false 0,190890.0,190890.0,300000.0,968372224,216068096,319488,750567424,749673296,4984,0,977555456,0,85.0,16,223772672.0,212459520.0,3768320.0,188.0,190953.0,12761.316887491055,6363.591565977273,32.52283628954861,199.83864830092855,366,149125.0
1790647192.5,running false 0,190890.0,190890.0,300000.0,966725632,214315008,12288,750444544,749548560,4984,0,977555456,0,95.3,16,221720576.0,211681280.0,2260992.0,70.0,190918.0,12826.069234748109,6362.219097577651,32.331230715276824,199.7913772641019,368,150831.0
1790647194.7,running false 0,190890.0,190890.0,300000.0,967344128,215474176,65536,750563328,749662768,4984,0,977555456,0,91.0,16,222920704.0,212140032.0,3080192.0,98.0,190942.0,12394.845962975756,6378.801155386593,31.27472690919125,198.18902729240583,367,152530.0
1790647197.1,running false 0,190890.0,190890.0,300000.0,966926336,214585344,0,750477312,749585232,4984,0,977555456,0,78.6,16,222158848.0,212238336.0,1933312.0,141.0,190936.0,12438.311965569621,6374.658028374482,30.8147920819044,196.41317836890192,372,154541.0
1790647199.8,running false 0,190890.0,190890.0,300000.0,967311360,215707648,4096,750579712,749685208,4984,0,977555456,0,84.1,16,223076352.0,212647936.0,2981888.0,437.0,191005.0,12521.085638202372,6356.851206842157,29.114063792704755,190.2430356654754,388,157008.0
1790647202.4,running false 0,,190890.0,300000.0,969281536,216829952,356352,750403584,749508480,4984,0,977555456,0,82.7,16,,,,,,14182.283175155193,6367.069050374782,28.633374152505457,186.09760922378626,378,
1790647207.7,running false 0,190890.0,190890.0,300000.0,968564736,215994368,585728,750501888,749602216,4984,0,977555456,0,85.2,16,223612928.0,212393984.0,3604480.0,184.0,190949.0,13993.519231346123,6365.559076816459,27.61305040452555,183.3474231890383,382,163823.0
1790647210.0,running false 0,190890.0,190890.0,300000.0,967606272,215732224,0,750362624,749467256,4984,0,977555456,0,95.3,16,222380032.0,213016576.0,1835008.0,288.0,191011.0,14022.930517051838,6359.180431608677,25.656939855728716,176.05347820379825,362,166261.0
1790647213.4,running false 0,190890.0,190890.0,300000.0,968687616,216231936,516096,750710784,749814160,4984,0,977555456,0,88.4,16,224530432.0,212926464.0,4030464.0,405.0,190998.0,13062.372370966257,6359.45649080842,25.702666596343967,180.36109554546937,374,168667.0
1790647216.1,running false 0,,190890.0,300000.0,971915264,217047040,2441216,750645248,749751392,4984,0,977555456,0,76.8,16,,,,,,13190.139408177547,6362.847416709995,28.852783688262182,191.4026524805603,370,
1790647221.3,running false 0,,190890.0,300000.0,968384512,215941120,16384,750465024,749572960,4984,0,977555456,0,88.7,16,,,,,,13117.34614081291,6373.081077104904,29.092509482398984,192.35845650067722,354,
1790647226.6,running false 0,190890.0,190890.0,300000.0,968409088,216068096,8192,750440448,749536712,4984,0,977555456,0,83.5,16,222384128.0,212729856.0,2293760.0,556.0,190991.0,13326.821196767649,6367.949176380928,28.7976008797433,192.16469091139848,347,180717.0
1790647230.1,running false 0,190890.0,190890.0,300000.0,971894784,217853952,1187840,750817280,749921864,4984,0,977555456,0,78.9,16,224296960.0,212164608.0,4096000.0,66.0,190971.0,13628.443911217757,6353.493349781965,28.61033725949775,191.85878485868355,333,184615.0
1790647234.6,running false 0,190890.0,190890.0,300000.0,971251712,218013696,1183744,750612480,749709144,4984,0,977555456,0,81.4,16,225509376.0,214654976.0,2916352.0,444.0,190939.0,13869.560621519813,6358.3024160182395,30.291398551641457,193.0134220656191,333,186810.0
1790647237.2,running false 0,190890.0,190890.0,300000.0,969666560,217403392,8192,750526464,749628000,4984,0,977555456,0,80.9,16,224604160.0,215130112.0,2129920.0,232.0,190929.0,13974.560621519813,6359.069459025468,30.976561722647194,193.67509485460548,335,189150.0
1790647239.6,running false 0,190890.0,190890.0,300000.0,971272192,217948160,466944,750571520,749676664,4984,0,977555456,0,76.1,16,225280000.0,214302720.0,2752512.0,97.0,190920.0,14166.586917383476,6348.705554888498,31.833462691201802,194.87619505014231,334,191430.0
1790647242.1,running false 0,190890.0,190890.0,300000.0,971681792,217600000,1667072,750862336,749964928,4984,0,977555456,0,77.3,16,224849920.0,214515712.0,2195456.0,96.0,190986.0,14185.203832308998,6347.69834300747,31.991022030272447,194.7669462660582,331,193748.0
1790647245.0,running false 0,190890.0,190890.0,300000.0,974262272,220966912,659456,750432256,749531064,4984,0,977555456,0,82.9,16,227606528.0,214687744.0,4161536.0,18.0,191000.0,14601.432504590517,6339.071766997963,33.99458112151416,198.29332695184553,324,197421.0
1790647248.5,running false 0,190890.0,190890.0,300000.0,973021184,220192768,770048,750485504,749590528,4984,0,977555456,0,78.6,16,227483648.0,214654976.0,5439488.0,82.0,190974.0,15059.096851951785,6368.4554307045,36.31971510170087,200.96146522603843,319,199988.0
1790647251.0,running false 0,190890.0,190890.0,300000.0,972410880,220155904,204800,750510080,749613040,4984,0,977555456,0,73.1,16,227467264.0,214106112.0,5636096.0,27.0,190922.0,15059.096851951785,6368.4554307045,36.319715101700865,200.96146522603843,320,202257.0
1790647253.4,running false 0,190890.0,190890.0,300000.0,969768960,217051136,49152,750497792,749601480,4984,0,977555456,0,76.8,16,224440320.0,214073344.0,2719744.0,220.0,190973.0,14788.448498684795,6367.661512120971,39.32758232294686,203.5455774644398,330,204547.0
1790647255.7,running false 0,,190890.0,300000.0,973475840,220942336,659456,750497792,749602120,4984,0,977555456,0,81.7,16,,,,,,13730.33237217496,6366.939624703589,38.492501732984664,203.04404927617017,338,
1790647261.0,running false 0,,190890.0,300000.0,964808704,212840448,0,750350336,749445640,4984,0,977555456,0,87.2,16,,,,,,9060.405356785928,6384.452806526434,36.146272301277484,203.01521240427724,351,
1790647266.2,running false 0,190890.0,190890.0,300000.0,965337088,212430848,204800,750510080,749615376,4984,0,977555456,0,97.5,16,219676672.0,210534400.0,1507328.0,30.0,190943.0,9060.405356785928,6384.452806526434,36.146272301277484,203.01521240427724,344,211481.0
1790647268.7,running false 0,190890.0,190890.0,300000.0,971829248,218599424,278528,750993408,750096576,4984,0,977555456,0,77.4,16,226459648.0,214228992.0,5079040.0,73.0,191001.0,7121.946266453494,6371.577993407869,31.2850779886212,196.83603951495115,343,213778.0
1790647271.2,running false 0,190890.0,190890.0,300000.0,971141120,216379392,2371584,750493696,749597400,4984,0,977555456,0,85.7,16,223379456.0,211861504.0,4227072.0,242.0,191069.0,7121.946266453494,6371.57799340787,31.2850779886212,196.83603951495095,343,216106.0
1790647273.7,running false 0,190890.0,190890.0,300000.0,967180288,214679552,376832,750501888,749607968,4984,0,977555456,0,86.9,16,222842880.0,212877312.0,2326528.0,605.0,191089.0,12356.202727573489,6355.668523422236,31.01967821531846,198.3130466631532,338,218851.0
1790647277.0,running false 0,190890.0,190890.0,300000.0,967770112,214929408,176128,750624768,749707256,4984,0,977555456,0,82.3,17,222347264.0,211329024.0,3244032.0,106.0,190944.0,13038.702727573489,6358.1085234222355,30.460739366162723,198.79071170711953,342,221373.0
1790647279.6,running false 0,190890.0,190890.0,300000.0,968843264,216903680,12288,750452736,749542488,4984,0,977555456,0,83.0,17,223514624.0,211460096.0,4063232.0,482.0,190976.0,14092.624439912985,6355.510193294,28.55601273345848,196.9869296551587,341,224950.0
1790647283.9,running false 0,190890.0,190890.0,300000.0,967311360,214745088,0,750407680,749491264,4984,0,977555456,0,95.0,17,221319168.0,211918848.0,1179648.0,74.0,190910.0,12229.096848044846,6361.07480579314,25.410361514890806,193.6152068804781,338,226538.0
1790647286.1,running false 0,190890.0,190890.0,300000.0,969986048,217812992,606208,750592000,749683600,4984,0,977555456,0,85.1,17,225173504.0,213704704.0,3833856.0,259.0,190958.0,12229.096848044846,6361.07480579314,25.410361514890806,193.6152068804781,336,228447.0
1790647288.5,running false 0,190890.0,190890.0,300000.0,968507392,216391680,20480,750559232,749649680,4984,0,977555456,0,82.5,17,226263040.0,213835776.0,4816896.0,536.0,191033.0,12439.685331501081,6354.580572742673,25.607034832879098,190.9244529615764,328,231855.0
1790647292.4,running false 0,190890.0,190890.0,300000.0,966963200,214065152,253952,750792704,749883312,4984,0,977555456,0,78.5,17,221900800.0,212230144.0,1998848.0,257.0,191005.0,12670.736382552132,6354.93676330189,27.559273779719554,193.82246538203796,319,234502.0
1790647294.9,running false 0,190890.0,190890.0,300000.0,972357632,219615232,274432,750522368,749605184,4984,0,977555456,0,76.7,17,227160064.0,215072768.0,4325376.0,145.0,190940.0,14588.399220155969,6373.123240079971,29.514511255024402,194.95181823121644,319,237022.0
1790647297.2,running false 0,190890.0,190890.0,300000.0,974618624,221278208,835584,750759936,749848888,4984,0,977555456,0,71.8,17,224219136.0,214040576.0,2490368.0,497.0,190986.0,15115.445186746409,6357.007172179786,30.146176683561823,189.39779749721512,313,240224.0
1790647300.8,running false 0,190890.0,190890.0,300000.0,969236480,216223744,626688,750440448,749527480,4984,0,977555456,0,78.3,17,223580160.0,214024192.0,1998848.0,294.0,190921.0,15115.445186746409,6357.007172179786,30.146176683561823,189.39779749721512,316,242278.0
1790647303.2,running false 0,190890.0,190890.0,300000.0,967782400,215220224,540672,750477312,749566056,4984,0,977555456,0,83.6,17,224788480.0,214949888.0,2424832.0,411.0,190981.0,14208.34807757869,6375.961185004257,30.6633935918608,180.93020030255656,322,245457.0
1790647307.0,running false 0,190890.0,190890.0,300000.0,969281536,217513984,339968,750395392,749490376,4984,0,977555456,0,73.9,17,224448512.0,212934656.0,3604480.0,435.0,190953.0,13586.458390349328,6366.643894909426,34.45773190666364,187.08492113448037,327,248759.0
1790647310.6,running false 0,190890.0,190890.0,300000.0,967307264,214962176,8192,750448640,749530288,4984,0,977555456,0,81.7,17,221544448.0,211771392.0,2097152.0,18.0,190941.0,13453.903879447147,6360.203894909426,35.531033474267545,188.93381039886964,324,251646.0
1790647314.0,running false 0,190890.0,190890.0,300000.0,967270400,215040000,45056,750456832,749542224,4984,0,977555456,0,87.3,17,222306304.0,212615168.0,2162688.0,18.0,190905.0,12897.01505343015,6370.257003711259,36.2032351190821,189.54883152005624,328,254262.0
1790647317.2,running false 0,190890.0,190890.0,300000.0,966643712,214355968,376832,750415872,749504952,4984,0,977555456,0,87.2,17,221847552.0,212033536.0,1966080.0,82.0,190939.0,12826.48403915736,6370.817513238933,35.04236912586704,186.80998105370463,334,255999.0
1790647319.7,running false 0,190890.0,190890.0,300000.0,972578816,219877376,40960,750485504,749569632,4984,0,977555456,0,83.0,17,223580160.0,213262336.0,2228224.0,166.0,190939.0,12830.96898572721,6356.42532778505,33.22553911383794,183.5839390271013,333,258900.0
1790647323.0,running false 0,190890.0,190890.0,300000.0,967761920,215187456,86016,750686208,749777120,4984,0,977555456,0,81.4,17,222437376.0,212795392.0,1966080.0,55.0,190969.0,12452.167779641477,6349.43137277933,32.253328324526834,186.29126733095939,344,260978.0
1790647325.3,running false 0,,190890.0,300000.0,969818112,217182208,20480,750608384,749699480,4984,0,977555456,0,78.1,17,,,,,,14100.695368066215,6360.584821825338,32.443826080735626,192.2074455036155,347,
1790647330.7,running false 0,190890.0,190890.0,300000.0,974499840,220098560,1249280,751017984,750106576,4984,0,977555456,0,82.5,17,226840576.0,213098496.0,5931008.0,311.0,191064.0,14220.42163230767,6354.360334902199,32.18598799331252,193.20845551350817,351,268007.0
1790647333.8,running false 0,190890.0,190890.0,300000.0,971472896,218267648,745472,750460928,749548744,4984,0,977555456,0,80.0,17,225796096.0,213557248.0,4489216.0,32.0,190930.0,14256.0,6365.596304565279,32.62258247878079,224.42676658088732,338,270664.0
1790647336.4,running false 0,190890.0,190890.0,300000.0,970498048,217350144,749568,750596096,749683600,4984,0,979386368,0,77.9,17,224231424.0,213049344.0,3211264.0,648.0,191086.0,14052.152800901858,6363.16,33.64379159610917,242.09676503855962,350,274263.0
1790647340.3,running false 0,190890.0,190890.0,300000.0,968810496,216780800,94208,750460928,749546040,4984,0,979386368,0,71.5,17,227274752.0,214401024.0,5013504.0,327.0,191105.0,14006.821400275112,6353.907982814954,35.800837516084556,292.6624200310665,364,276721.0
1790647342.9,running false 0,190890.0,190890.0,300000.0,972914688,220905472,364544,750403584,749494160,4984,0,979386368,0,80.0,17,228478976.0,215040000.0,5865472.0,38.0,190935.0,14202.761473550809,6365.34826105139,40.22648460628782,317.91922588378935,368,279247.0
1790647345.3,running false 0,,190890.0,300000.0,974995456,222101504,581632,750411776,749499096,4984,0,979386368,0,79.2,17,,,,,,14021.54120357958,6355.671657882656,42.2709439695003,321.39989398133173,362,
1790647350.8,running false 0,190890.0,190890.0,300000.0,968511488,216809472,65536,750501888,749587936,4984,0,979386368,0,78.7,17,224346112.0,214491136.0,1998848.0,17.0,190918.0,14041.216528254903,6357.043453061935,42.60073608167178,322.39095933154437,360,286799.0
1790647353.2,running false 0,190890.0,190890.0,300000.0,971636736,218136576,856064,750534656,749623240,4984,0,979386368,0,77.2,17,225574912.0,213221376.0,4521984.0,168.0,190970.0,14626.652298268753,6367.5140209825495,43.61891349249811,322.83675003461235,354,289070.0
1790647355.7,running false 0,190890.0,190890.0,300000.0,974376960,220807168,405504,751005696,750087792,4984,0,979386368,0,72.0,17,228233216.0,214671360.0,5963776.0,213.0,190994.0,14807.976973593428,6365.088068805592,43.85803152236927,321.97109474439503,357,291322.0
1790647358.6,running false 0,190890.0,190890.0,300000.0,972107776,218894336,274432,750792704,749881328,4984,0,979525632,0,78.1,17,226299904.0,213360640.0,5144576.0,346.0,191001.0,14493.643912973377,6361.693075261937,45.03194320079095,303.1261674865882,358,293968.0
1790647361.1,running false 0,190890.0,190890.0,300000.0,972689408,220270592,204800,750501888,749574184,4984,0,979525632,0,79.9,17,227676160.0,213934080.0,5963776.0,28.0,190918.0,14493.643912973377,6361.693075261937,45.03194320079095,303.1261674865882,355,296323.0
1790647363.6,running false 0,190890.0,190890.0,300000.0,969420800,216653824,954368,750624768,749701912,4984,0,979525632,0,76.4,17,223854592.0,213917696.0,2523136.0,261.0,191005.0,13763.371347990487,6358.422632219519,44.49358329374782,268.27054307975567,348,298578.0
1790647365.9,running false 0,190890.0,190890.0,300000.0,971649024,218836992,208896,750567424,749638896,4984,0,979525632,0,78.5,17,226316288.0,213991424.0,4685824.0,332.0,190987.0,13763.371347990487,6358.422632219519,44.49358329374782,268.27054307975567,351,300929.0
1790647368.5,running false 0,190890.0,190890.0,300000.0,972689408,220418048,430080,750845952,749921216,4984,0,979525632,0,67.3,17,228036608.0,215580672.0,4718592.0,324.0,190976.0,14148.213728236942,6358.6108776595265,42.55027902508186,207.78866598952433,357,303306.0
1790647371.3,running false 0,190890.0,190890.0,300000.0,970989568,219078656,69632,750473216,749546752,4984,0,979525632,0,81.2,17,226623488.0,214188032.0,4685824.0,35.0,190921.0,14148.213728236942,6358.6108776595265,42.55027902508186,207.78866598952433,430,305909.0
1790647373.7,running false 0,190890.0,190890.0,300000.0,969072640,216715264,106496,750534656,749605936,4984,0,979525632,0,72.7,17,225079296.0,215097344.0,2195456.0,57.0,190970.0,14058.011622302056,6371.440888972468,42.26284230119684,219.8750978025591,434,308260.0
1790647376.3,running false 0,190890.0,190890.0,300000.0,972251136,217518080,1740800,750956544,750033296,4984,0,979525632,0,72.4,17,225288192.0,214597632.0,2588672.0,505.0,191032.0,14058.011622302056,6371.440888972468,42.26284230119685,219.8750978025616,432,310585.0
1790647379.0,running false 0,190890.0,190890.0,300000.0,970321920,217538560,65536,750673920,749751480,4984,0,979525632,0,77.7,17,224776192.0,214269952.0,3178496.0,37.0,190952.0,14008.785472559226,6366.563454074067,43.373942324582515,253.60032908118114,443,313126.0
1790647381.5,running false 0,190890.0,190890.0,300000.0,974237696,221057024,741376,750587904,749661864,4984,0,979525632,0,74.1,17,223870976.0,214032384.0,1966080.0,365.0,190965.0,14008.785472559226,6366.563454074067,43.373942324582515,253.60032908118114,441,315429.0
1790647384.0,running false 0,190890.0,190890.0,300000.0,969871360,216989696,0,750514176,749584576,4984,0,979525632,0,76.1,17,224571392.0,214769664.0,2162688.0,18.0,190921.0,13867.714285714284,6363.714920977276,41.66151826013277,216.00136901720194,457,317344.0
1790647386.7,running false 0,,190890.0,300000.0,966852608,214822912,16384,750444544,749518752,4984,0,979525632,0,90.7,17,,,,,,11517.10437705963,6367.433108109448,38.82976628064573,203.14302055993582,462,
1790647392.0,running false 0,190890.0,190890.0,300000.0,966238208,214753280,4096,750444544,749519808,4984,0,979525632,0,95.0,17,222277632.0,211386368.0,3014656.0,64.0,190917.0,11503.771007697465,6368.89074815903,37.91255648653656,202.92210866917682,459,322501.0
1790647394.2,running false 0,190890.0,190890.0,300000.0,969441280,216920064,8192,750497792,749579520,4984,0,979525632,0,86.9,17,224280576.0,213909504.0,3244032.0,19.0,190921.0,9992.931921514442,6370.112149404539,34.467861978908026,201.01732315133887,458,324298.0
1790647396.7,running false 0,190890.0,190890.0,300000.0,971526144,218976256,380928,750444544,749520000,4984,0,979525632,0,79.5,17,226607104.0,214974464.0,3899392.0,195.0,191039.0,10456.435200928174,6366.990414445515,34.001329671663086,200.74236841206044,467,327065.0
1790647399.4,running false 0,190890.0,190890.0,300000.0,968216576,216043520,24576,750555136,749627696,4984,0,979525632,0,83.3,17,224210944.0,214302720.0,2588672.0,184.0,191024.0,13317.851021603146,6372.718265040975,32.79178684039033,198.95051438357717,431,331272.0
1790647403.9,running false 0,190890.0,190890.0,300000.0,969916416,217145344,270336,750931968,749999528,4984,0,979525632,0,77.7,17,224587776.0,214843392.0,2588672.0,369.0,190961.0,14733.810828691328,6355.454324182271,31.136853738630844,191.92247213004228,414,333581.0
1790647406.5,running false 0,190890.0,190890.0,300000.0,969617408,216780800,704512,750624768,749700968,4984,0,979525632,0,82.0,17,224174080.0,214458368.0,1966080.0,161.0,190958.0,14733.810828691328,6355.45432418227,31.136853738630844,191.92247213004228,402,335784.0
1790647408.9,running false 0,190890.0,190890.0,300000.0,971255808,218656768,356352,750407680,749481584,4984,0,979525632,0,86.3,17,226123776.0,214261760.0,4259840.0,284.0,190992.0,13478.641712568853,6360.627867146859,29.890512823187088,188.81247763459308,394,338030.0
1790647411.3,running false 0,190890.0,190890.0,300000.0,969031680,216338432,12288,750526464,749602712,4984,0,979525632,0,83.0,17,223010816.0,212942848.0,2326528.0,139.0,191043.0,13840.847860855658,6360.2943868773755,29.975192660797525,187.91438746933682,382,341383.0
1790647415.1,running false 0,190890.0,190890.0,300000.0,974946304,219746304,1908736,751456256,750532072,4984,0,979525632,0,76.1,17,227213312.0,215990272.0,3964928.0,1003.0,191112.0,14385.347860855658,6362.388565713142,31.332447246691416,188.82948341847327,378,343768.0
1790647418.5,running false 0,190890.0,190890.0,300000.0,971157504,217690112,1081344,750436352,749509824,4984,0,979525632,0,75.6,17,225538048.0,215293952.0,2424832.0,215.0,191023.0,14357.713421261617,6351.906754519699,39.32640291295116,332.6796995641309,391,346950.0
1790647421.0,running false 0,190890.0,190890.0,300000.0,973524992,221274112,0,750456832,749529368,4984,0,979525632,0,74.6,17,228618240.0,216358912.0,4620288.0,22.0,190911.0,14357.713421261617,6351.906754519699,39.32640291295116,332.6796995641309,386,349303.0
1790647423.4,running false 0,190890.0,190890.0,300000.0,968892416,216326144,524288,750678016,749754568,4984,0,979525632,0,78.9,17,223686656.0,213499904.0,2031616.0,220.0,190938.0,13955.638055222089,6362.2042585551335,41.77167270243384,350.02002059038705,393,351517.0
1790647425.9,running false 0,190890.0,190890.0,300000.0,970612736,218161152,16384,750460928,749528800,4984,0,979525632,0,81.3,17,225513472.0,214327296.0,3407872.0,20.0,190921.0,13955.638055222089,6362.2042585551335,41.77167270243384,350.02002059038705,392,353908.0
1790647428.4,running false 0,190890.0,190890.0,300000.0,968916992,216047616,413696,750555136,749629160,4984,0,979525632,0,81.8,17,223289344.0,213090304.0,2785280.0,111.0,190931.0,13859.039015402417,6354.71623100304,41.89509731508355,349.21523525354036,393,355952.0
1790647431.0,running false 0,190890.0,190890.0,300000.0,972210176,219746304,274432,750456832,749529072,4984,0,979525632,0,81.7,17,227459072.0,214827008.0,4718592.0,145.0,190932.0,13859.039015402419,6354.71623100304,41.89509731508355,349.21523525354036,397,358200.0
1790647433.3,running false 0,,190890.0,300000.0,968003584,216068096,0,750436352,749497152,4984,0,979525632,0,76.7,17,,,,,,13293.380083675816,6349.6112387918665,43.0086886865508,355.883333648345,383,
1790647438.5,running false 0,,190890.0,300000.0,967884800,215953408,57344,750444544,749520752,4984,0,979525632,0,89.0,17,,,,,,13043.646214466648,6366.015521815567,40.57487052530611,358.10742014332965,379,
1790647443.8,running false 0,190890.0,190890.0,300000.0,969433088,216690688,393216,750501888,749572720,4984,0,979525632,0,82.8,17,224227328.0,214843392.0,1671168.0,288.0,190937.0,13526.406715907775,6372.247710244188,34.30686158020124,262.1265922695421,383,369324.0
1790647446.4,running false 0,190890.0,190890.0,300000.0,971640832,218062848,520192,750776320,749847096,4984,0,979525632,0,75.7,17,225558528.0,215457792.0,2686976.0,113.0,191028.0,13526.406715907777,6372.247710244188,34.30686158020124,262.1265922695421,406,371741.0
1790647449.4,running false 0,190890.0,190890.0,300000.0,971665408,218009600,1359872,750788608,749856080,4984,0,979525632,0,74.0,17,225579008.0,215924736.0,2228224.0,116.0,191028.0,14570.164944086437,6337.142331160782,34.94149363359342,227.40669590113617,406,374591.0
1790647452.0,running false 0,190890.0,190890.0,300000.0,969670656,216965120,946176,750538752,749613552,4984,0,979525632,0,84.8,17,223735808.0,213327872.0,2359296.0,446.0,190989.0,14474.401309015924,6338.37866454744,35.08477737674981,230.3837906687934,400,376716.0
1790647454.2,running false 0,,190890.0,300000.0,969957376,216956928,53248,750477312,749551096,4984,0,979525632,0,80.2,17,,,,,,13417.952981032166,6366.148449883188,34.020253423024975,204.6028797029759,373,
1790647459.8,running false 0,190890.0,190890.0,300000.0,974413824,220233728,1597440,751038464,750113832,4984,0,979525632,0,81.7,17,227684352.0,214876160.0,5341184.0,107.0,191087.0,13247.829964569159,6357.54553587162,33.100732218078214,200.88106425768385,377,383410.0
1790647462.3,running false 0,190890.0,190890.0,300000.0,974942208,221822976,159744,750604288,749678296,4984,0,979525632,0,78.8,17,222617600.0,212402176.0,1900544.0,34.0,190954.0,13096.263643704007,6350.206108404682,36.71199456352804,220.25042186868916,382,386435.0
1790647465.7,running false 0,190890.0,190890.0,300000.0,966221824,213704704,4096,750403584,749462632,4984,0,979525632,0,90.9,17,221630464.0,211845120.0,1638400.0,29.0,190911.0,12966.003833764782,6352.392746111725,37.748006911426685,245.07998976336094,380,388775.0
1790647468.9,running false 0,190890.0,190890.0,300000.0,968724480,215863296,385024,750534656,749601232,4984,0,979525632,0,88.9,17,222244864.0,213000192.0,1703936.0,140.0,190943.0,12414.436171304453,6349.004209477694,36.46947814173014,244.69638932702716,385,390775.0
1790647471.2,running false 0,190890.0,190890.0,300000.0,970657792,217559040,704512,750616576,749694456,4984,0,979525632,0,78.9,17,225021952.0,214474752.0,2916352.0,114.0,190963.0,12414.436171304453,6349.004209477694,36.46947814173014,244.6963893270291,375,392727.0
1790647473.6,running false 0,190890.0,190890.0,300000.0,971718656,218759168,614400,750612480,749684472,4984,0,979525632,0,80.3,17,225976320.0,213426176.0,5079040.0,84.0,190923.0,12470.848604581373,6373.2206634388385,35.47545550242438,204.62612643512597,377,394715.0
1790647476.0,running false 0,190890.0,190890.0,300000.0,970940416,216301568,2281472,750772224,749844512,4984,0,979525632,0,87.4,17,224653312.0,212041728.0,3833856.0,102.0,190940.0,12470.848604581375,6373.2206634388385,35.47545550242438,204.62612643512597,371,396610.0
1790647478.4,running false 0,,190890.0,300000.0,969400320,216813568,4096,750534656,749612928,4984,0,979525632,0,77.7,17,,,,,,13159.78627361293,6366.414379649628,33.3324503947935,204.70301828952125,350,
1790647484.0,running false 0,190890.0,190890.0,300000.0,970125312,218005504,12288,750501888,749575424,4984,0,979525632,0,89.8,17,225501184.0,213311488.0,3702784.0,18.0,190923.0,12665.241007194245,6359.508511980503,31.73414986537,204.1035424837705,346,402987.0
1790647486.2,running false 0,190890.0,190890.0,300000.0,969138176,216731648,135168,750403584,749477216,4984,0,979525632,0,91.4,17,224030720.0,213557248.0,1769472.0,164.0,190934.0,12665.241007194245,6359.508511980503,31.73414986537,204.1035424837705,347,404742.0
1790647488.5,running false 0,190890.0,190890.0,300000.0,967573504,215670784,0,750583808,749656440,4984,0,979525632,0,86.1,17,223064064.0,212287488.0,2326528.0,186.0,190958.0,12759.04809869537,6363.064846181542,26.255772090616336,186.88024373154644,353,406625.0
1790647491.0,running false 0,190890.0,190890.0,300000.0,970510336,218660864,45056,750477312,749551208,4984,0,979525632,0,81.1,17,226136064.0,213745664.0,4620288.0,23.0,190930.0,12759.048098695368,6363.064846181542,26.255772090616336,186.88024373154644,354,408724.0
1790647493.3,running false 0,,190890.0,300000.0,968912896,216190976,331776,750477312,749552376,4984,0,979525632,0,88.7,17,,,,,,13399.935948759006,6359.581755340427,28.283943804186453,188.79915283869963,333,
1790647499.2,running false 0,190890.0,190890.0,300000.0,973565952,220180480,507904,750850048,749928048,4984,0,979525632,0,80.7,17,227885056.0,215179264.0,4718592.0,19.0,190992.0,14145.846968491764,6365.053762615785,26.995911523277567,183.85993709111412,331,416186.0
1790647501.5,running false 0,,190890.0,300000.0,967593984,215810048,102400,750522368,749597456,4984,0,979525632,0,84.7,17,,,,,,14098.5,6363.5307566484025,28.27145524227015,186.65528551060473,321,
1790647506.7,running false 0,190890.0,190890.0,300000.0,970293248,218259456,28672,750456832,749534800,4984,0,979525632,0,81.4,17,225562624.0,213786624.0,4194304.0,19.0,190909.0,14207.371461438432,6366.735552386271,28.773080060227144,187.1506145303763,329,422049.0
1790647508.9,running false 0,190890.0,190890.0,300000.0,968970240,217067520,61440,750538752,749614096,4984,0,979525632,0,92.7,17,224796672.0,213491712.0,3309568.0,182.0,190928.0,12455.676897074223,6372.794176818926,29.018831900953128,187.11065073096734,342,423725.0
1790647511.1,running false 0,190890.0,190890.0,300000.0,969920512,217550848,45056,750510080,749587456,4984,0,979525632,0,87.0,17,224997376.0,213942272.0,3407872.0,183.0,190922.0,12455.676897074223,6372.794176818926,29.018831900953128,187.11065073096768,349,425580.0
1790647513.4,running false 0,190890.0,190890.0,300000.0,970731520,218021888,573440,750661632,749736320,4984,0,979525632,0,77.5,17,225615872.0,213762048.0,4030464.0,149.0,190932.0,12332.937618714386,6350.934588649362,30.59645707814073,190.07303221446182,351,427321.0
1790647515.9,running false 0,190890.0,190890.0,300000.0,968220672,215891968,12288,750432256,749503904,4984,0,979525632,0,87.2,17,223473664.0,213082112.0,2392064.0,17.0,190905.0,12332.937618714386,6350.934588649362,30.59645707814073,190.07303221446182,350,429416.0
1790647518.1,running false 0,190890.0,190890.0,300000.0,970686464,217829376,335872,750555136,749635280,4984,0,979525632,0,88.0,17,225468416.0,213868544.0,3932160.0,297.0,190955.0,12964.943844074105,6354.543362905784,31.711955114347546,193.5664222723373,347,431466.0
1790647520.6,running false 0,190890.0,190890.0,300000.0,971128832,218243072,454656,750661632,749735360,4984,0,979525632,0,80.3,17,225693696.0,213647360.0,4194304.0,20.0,190950.0,13453.943844074105,6354.3033629057845,31.755186694584047,193.77909541267474,353,434051.0
1790647523.4,running false 0,190890.0,190890.0,300000.0,969748480,216535040,1073152,750460928,749538072,4984,0,979525632,0,76.1,17,223813632.0,213729280.0,2457600.0,289.0,190924.0,14049.455485301236,6350.302807137547,32.220766861404314,191.93897923407084,354,436220.0
1790647526.1,running false 0,190890.0,190890.0,300000.0,969818112,216576000,1011712,750518272,749591944,4984,0,979525632,0,80.6,17,223129600.0,211820544.0,3309568.0,287.0,190994.0,14049.455485301236,6350.302807137547,32.220766861404314,191.93897923407067,348,438406.0
1790647528.5,running false 0,190890.0,190890.0,300000.0,971902976,218894336,901120,750587904,749662560,4984,0,979525632,0,84.9,17,226488320.0,214368256.0,4292608.0,79.0,190988.0,13817.694913837131,6355.131262581897,31.712665057212686,191.5010148341174,349,440993.0
1790647531.0,running false 0,190890.0,190890.0,300000.0,971128832,219156480,20480,750514176,749582912,4984,0,979525632,0,77.7,17,226803712.0,215064576.0,3670016.0,100.0,190928.0,13817.694913837131,6355.131262581897,31.712665057212693,191.5010148341174,351,443477.0
1790647533.4,running false 0,190890.0,190890.0,300000.0,972713984,220356608,217088,750604288,749676416,4984,0,979525632,0,79.1,17,227921920.0,215941120.0,4292608.0,54.0,190990.0,14492.270584417402,6357.858982436708,32.72856352494499,192.23449783302542,351,445809.0
1790647535.8,running false 0,190890.0,190890.0,300000.0,970170368,217600000,49152,750555136,749630944,4984,0,979525632,0,79.9,17,225304576.0,215236608.0,2064384.0,36.0,190925.0,14492.270584417402,6357.858982436708,32.72856352494499,192.23449783302542,355,448166.0
1790647538.1,running false 0,190890.0,190890.0,300000.0,968204288,215371776,40960,750555136,749626808,4984,0,979525632,0,81.6,17,222814208.0,212475904.0,2424832.0,204.0,190942.0,15141.763662174526,6366.6654894587355,33.63532093511057,191.52933937203693,359,450436.0
1790647540.5,running false 0,190890.0,190890.0,300000.0,973070336,218390528,774144,750977024,750051200,4984,0,979525632,0,76.6,17,225910784.0,213647360.0,4456448.0,298.0,190986.0,15470.857724218682,6370.461362119109,33.66594221006145,191.31466972860568,354,452721.0
1790647543.0,running false 0,190890.0,190890.0,300000.0,967331840,215552000,28672,750501888,749575872,4984,0,979525632,0,81.3,17,222904320.0,212967424.0,2228224.0,149.0,190965.0,14948.093232445764,6371.5969602851865,34.671601126667476,191.0773588458538,347,455211.0
1790647545.4,running false 0,190890.0,190890.0,300000.0,970207232,217964544,69632,750575616,749644624,4984,0,979525632,0,82.0,17,225452032.0,216006656.0,1900544.0,24.0,190925.0,14769.370418722678,6372.985650712195,35.09106594417647,191.33734389685114,348,457480.0
1790647547.8,running false 0,190890.0,190890.0,300000.0,968302592,216317952,32768,750567424,749643944,4984,0,979525632,0,87.6,17,224534528.0,213057536.0,3080192.0,216.0,190972.0,14519.797024633795,6366.8316260582105,34.924387288153575,189.04820447745223,345,459868.0
1790647550.4,running false 0,190890.0,190890.0,300000.0,974811136,221683712,892928,750727168,749802168,4984,0,979525632,0,76.7,17,228990976.0,215785472.0,5931008.0,301.0,190952.0,14481.930603702604,6366.390224491112,34.742830139341066,188.29187407965085,350,462330.0
1790647553.1,running false 0,190890.0,190890.0,300000.0,972378112,219471872,417792,750608384,749680600,4984,0,979525632,0,76.9,17,226836480.0,216358912.0,2752512.0,33.0,190932.0,14195.765828966485,6354.831373917257,36.5496615140432,193.2274577515635,345,464698.0
1790647555.6,running false 0,190890.0,190890.0,300000.0,970452992,218091520,155648,750592000,749665624,4984,0,979525632,0,81.9,17,225615872.0,215187456.0,2490368.0,20.0,190947.0,14152.534729623296,6351.968212396972,37.25308128157432,194.64421534812104,352,467117.0
1790647557.9,running false 0,190890.0,190890.0,300000.0,968331264,215465984,163840,750768128,749841688,4984,0,979525632,0,77.2,17,223117312.0,212770816.0,2326528.0,49.0,190933.0,14152.531415257854,6364.43646250054,38.286489688272724,196.825766947341,352,469345.0
1790647560.5,running false 0,190890.0,190890.0,300000.0,973586432,220590080,757760,750497792,749563960,4984,0,979525632,0,76.6,17,228028416.0,214704128.0,5537792.0,130.0,190922.0,14116.861058861483,6365.911249628263,38.581560626288386,197.05951542877352,359,471757.0
1790647562.9,running false 0,190890.0,190890.0,300000.0,970706944,217038848,1138688,750833664,749911672,4984,0,979525632,0,74.3,17,224575488.0,214097920.0,2719744.0,106.0,191047.0,14166.105340168377,6350.58660876036,40.2577643274418,202.85566555882022,361,473944.0
1790647565.5,running false 0,190890.0,190890.0,300000.0,971161600,218726400,176128,750673920,749749104,4984,0,979525632,0,81.4,17,226406400.0,214204416.0,4227072.0,478.0,190955.0,14151.501234131092,6347.882727668878,40.69826676852488,203.5729726302447,365,476337.0
1790647567.9,running false 0,190890.0,190890.0,300000.0,969506816,216743936,946176,750563328,749643320,4984,0,979525632,0,81.5,17,224567296.0,214065152.0,2097152.0,147.0,191017.0,14064.637185827156,6355.250906036242,40.97085600881792,204.48623466077365,371,478628.0
1790647570.5,running false 0,190890.0,190890.0,300000.0,971550720,218992640,237568,750686208,749760152,4984,0,979525632,0,75.0,17,226263040.0,216236032.0,2490368.0,49.0,190982.0,14026.486606889463,6358.799870346545,40.90827458026953,207.7868369891957,381,481102.0
1790647573.0,running false 0,190890.0,190890.0,300000.0,970665984,217616384,651264,750727168,749803760,4984,0,979525632,0,79.6,17,225173504.0,213835776.0,3342336.0,36.0,190928.0,14181.02825719693,6369.810196638478,42.08377388527017,245.71029080955424,383,483455.0
1790647575.4,running false 0,190890.0,190890.0,300000.0,973479936,220692480,77824,750718976,749795056,4984,0,979525632,0,76.9,17,228098048.0,214523904.0,5832704.0,108.0,190935.0,14178.49320553205,6368.908124472705,42.40325335772394,252.44482127880664,385,485753.0
1790647577.7,running false 0,190890.0,190890.0,300000.0,970338304,217579520,253952,750530560,749604952,4984,0,979525632,0,83.1,17,225042432.0,212738048.0,4128768.0,66.0,190962.0,14148.338287252696,6370.922848006353,42.19574638948478,240.92546366054327,387,487960.0
1790647580.2,running false 0,190890.0,190890.0,300000.0,971005952,217341952,962560,750764032,749835784,4984,0,979525632,0,77.7,17,224604160.0,215031808.0,1900544.0,213.0,191005.0,14105.238649638006,6362.592470147817,41.01314696421184,223.02811290892723,382,490275.0
1790647582.6,running false 0,190890.0,190890.0,300000.0,969957376,217563136,4096,750444544,749521992,4984,0,979525632,0,77.7,17,224751616.0,215244800.0,2064384.0,22.0,190912.0,14091.738649638006,6355.7500194695185,41.18572937681687,221.08054854282005,383,492594.0
1790647585.3,running false 0,190890.0,190890.0,300000.0,971726848,219459584,172032,750706688,749781688,4984,0,979525632,0,71.9,17,226959360.0,214794240.0,4259840.0,235.0,190959.0,14124.45396001035,6342.167653794761,41.64310377892084,237.97874308770247,386,495064.0
1790647587.7,running false 0,190890.0,190890.0,300000.0,975294464,223281152,77824,750665728,749745552,4984,0,979525632,0,74.1,17,230887424.0,216047616.0,6979584.0,51.0,190955.0,14115.270115163803,6345.324541493212,42.32210871289091,250.60560248602866,389,497314.0
1790647590.4,running false 0,190890.0,190890.0,300000.0,971345920,218607616,987136,750440448,749518440,4984,0,979525632,0,80.5,17,227696640.0,215597056.0,4030464.0,144.0,191049.0,14087.588371319249,6373.240246470282,42.99291509986349,241.04986074415092,387,499904.0
1790647593.5,running false 0,190890.0,190890.0,300000.0,971726848,219439104,368640,750686208,749761144,4984,0,980250624,0,73.5,17,226824192.0,213639168.0,5472256.0,36.0,190949.0,13987.163606467933,6347.7114011357635,42.95022890280825,310.7843397324933,383,502676.0
1790647596.1,running false 0,,190890.0,300000.0,971915264,217108480,1286144,751034368,750105208,4984,0,980250624,0,72.3,17,,,,,,13075.295118600614,6360.682993609102,42.09915633844888,304.9819016157356,372,
1790647601.2,running false 0,190890.0,190890.0,300000.0,966905856,215228416,0,750456832,749532488,4984,0,980250624,0,92.9,17,222736384.0,211230720.0,3670016.0,35.0,190927.0,13075.295118600614,6360.682993609102,42.09915633844888,304.9819016157356,369,507850.0
1790647603.3,running false 0,190890.0,190890.0,300000.0,966610944,214593536,0,750419968,749490568,4984,0,980250624,0,99.4,17,222220288.0,211050496.0,3309568.0,18.0,190907.0,11224.684770364096,6367.96,39.199738048461036,302.4182857142851,370,509006.0
1790647605.4,running false 0,190890.0,190890.0,300000.0,965251072,213106688,253952,750379008,749451720,4984,0,980250624,0,99.2,17,220499968.0,211091456.0,1867776.0,139.0,190929.0,10162.684770364096,6373.78245299624,37.4099918264009,302.3171626825487,370,510199.0
1790647607.6,running false 0,190890.0,190890.0,300000.0,969461760,215175168,1642496,750821376,749897968,4984,0,980250624,0,92.1,17,222994432.0,213123072.0,2490368.0,526.0,191027.0,9602.651263662756,6373.74245299624,35.09483292895762,299.7527822511697,368,511993.0
1790647610.5,running false 0,190890.0,190890.0,300000.0,970592256,217849856,172032,750764032,749842936,4984,0,980250624,0,79.1,17,226541568.0,215457792.0,3309568.0,784.0,191119.0,9472.619978652983,6368.350424933871,33.06055382616912,292.1939530878625,376,514665.0
1790647613.3,running false 0,190890.0,190890.0,300000.0,970432512,217722880,90112,750637056,749713416,4984,0,980250624,0,79.5,17,225349632.0,213663744.0,3571712.0,30.0,190941.0,11670.588105458159,6362.848201498717,30.606704045079674,287.8524090774053,381,517086.0
1790647615.7,running false 0,190890.0,190890.0,300000.0,973205504,219648000,413696,750927872,750006896,4984,0,980250624,0,77.8,17,227319808.0,213860352.0,5537792.0,18.0,191051.0,12680.44979695071,6362.961015161078,30.466051235207832,290.59341522585396,382,519254.0
1790647618.3,running false 0,190890.0,190890.0,300000.0,969732096,217518080,8192,750452736,749530080,4984,0,980250624,0,80.4,17,224804864.0,214630400.0,2555904.0,46.0,190929.0,13896.646606018194,6364.643267461397,29.746384672226537,202.04698225052525,381,521712.0
1790647621.0,running false 0,190890.0,190890.0,300000.0,968802304,216547328,114688,750514176,749581568,4984,0,980250624,0,75.2,17,223809536.0,214081536.0,2129920.0,37.0,190933.0,14510.995560704601,6366.723267461397,29.526829648037747,199.85830424959403,389,523929.0
1790647623.3,running false 0,190890.0,190890.0,300000.0,970776576,218505216,16384,750448640,749518672,4984,0,980250624,0,78.3,17,224219136.0,213032960.0,3735552.0,45.0,190920.0,13737.996665416127,6349.278169477614,30.338774122132982,198.86074350318734,390,526853.0
